Node name,taxid,Taxa
199,165179,Prevotella copri
413,46503,Parabacteroides merdae
568,537011,Prevotella copri DSM 18205
838,537011,Prevotella copri DSM 18205
1386,165179,Prevotella copri
1795,165179,Prevotella copri
2221,537011,Prevotella copri DSM 18205
2269,816,Bacteroides
2605,171549,Bacteroidales
2615,171549,Bacteroidales
3119,46503,Parabacteroides merdae
3253,537011,Prevotella copri DSM 18205
3426,28127,Prevotella buccalis
3966,537011,Prevotella copri DSM 18205
4343,165179,Prevotella copri
4707,171549,Bacteroidales
5184,165179,Prevotella copri
5329,28127,Prevotella buccalis
5363,537011,Prevotella copri DSM 18205
5585,171549,Bacteroidales
5685,838,Prevotella
5739,28127,Prevotella buccalis
6329,165179,Prevotella copri
6358,823,Parabacteroides distasonis
6618,171549,Bacteroidales
6680,171549,Bacteroidales
6957,537011,Prevotella copri DSM 18205
7181,165179,Prevotella copri
7332,838,Prevotella
7682,976,Bacteroidetes
7713,165179,Prevotella copri
7723,165179,Prevotella copri
8232,165179,Prevotella copri
8295,537011,Prevotella copri DSM 18205
8471,171549,Bacteroidales
8718,171549,Bacteroidales
8879,679937,Bacteroides coprosuis DSM 18011
8898,357276,Phocaeicola dorei
8902,291644,Bacteroides salyersiae
8944,28132,Prevotella melaninogenica
9574,537011,Prevotella copri DSM 18205
9580,821,Phocaeicola vulgatus
9766,165179,Prevotella copri
10317,976,Bacteroidetes
10368,165179,Prevotella copri
10405,165179,Prevotella copri
10845,816,Bacteroides
11163,171549,Bacteroidales
11315,537011,Prevotella copri DSM 18205
11401,171549,Bacteroidales
11457,1492737,Flavobacterium gilvum
11598,165179,Prevotella copri
11826,165179,Prevotella copri
11832,171549,Bacteroidales
12372,976,Bacteroidetes
12386,357276,Phocaeicola dorei
13190,165179,Prevotella copri
13243,976,Bacteroidetes
14093,165179,Prevotella copri
14186,171549,Bacteroidales
14321,165179,Prevotella copri
14395,171549,Bacteroidales
14726,838,Prevotella
15098,165179,Prevotella copri
15150,165179,Prevotella copri
15185,537011,Prevotella copri DSM 18205
15222,537011,Prevotella copri DSM 18205
15805,165179,Prevotella copri
15863,537011,Prevotella copri DSM 18205
16029,165179,Prevotella copri
16037,537011,Prevotella copri DSM 18205
16212,165179,Prevotella copri
16344,838,Prevotella
16618,171549,Bacteroidales
16781,171549,Bacteroidales
17036,165179,Prevotella copri
17068,165179,Prevotella copri
17134,537011,Prevotella copri DSM 18205
17741,537011,Prevotella copri DSM 18205
18324,171549,Bacteroidales
18449,976,Bacteroidetes
18475,165179,Prevotella copri
18554,537011,Prevotella copri DSM 18205
18811,165179,Prevotella copri
19421,171549,Bacteroidales
19449,171549,Bacteroidales
19457,171549,Bacteroidales
19585,165179,Prevotella copri
19845,165179,Prevotella copri
19880,171549,Bacteroidales
20064,537011,Prevotella copri DSM 18205
20297,165179,Prevotella copri
20385,171549,Bacteroidales
20509,171549,Bacteroidales
20659,171549,Bacteroidales
20673,171549,Bacteroidales
21013,165179,Prevotella copri
21748,537011,Prevotella copri DSM 18205
21981,165179,Prevotella copri
22114,165179,Prevotella copri
22859,2005520,Dysgonomonadaceae
22871,375288,Parabacteroides
23152,165179,Prevotella copri
23361,909656,Phocaeicola
23426,46503,Parabacteroides merdae
23564,165179,Prevotella copri
23650,537011,Prevotella copri DSM 18205
23653,171549,Bacteroidales
23655,28127,Prevotella buccalis
23818,165179,Prevotella copri
24518,165179,Prevotella copri
24609,46503,Parabacteroides merdae
24623,46503,Parabacteroides merdae
25266,171549,Bacteroidales
25338,28132,Prevotella melaninogenica
25456,976,Bacteroidetes
25569,171549,Bacteroidales
25585,171549,Bacteroidales
25873,171549,Bacteroidales
26176,165179,Prevotella copri
26225,537011,Prevotella copri DSM 18205
26257,537011,Prevotella copri DSM 18205
26457,165179,Prevotella copri
26463,165179,Prevotella copri
26587,537011,Prevotella copri DSM 18205
26826,46503,Parabacteroides merdae
26841,171549,Bacteroidales
26847,171549,Bacteroidales
26939,537011,Prevotella copri DSM 18205
27313,537011,Prevotella copri DSM 18205
27472,537011,Prevotella copri DSM 18205
27543,537011,Prevotella copri DSM 18205
27652,537011,Prevotella copri DSM 18205
27763,817,Bacteroides fragilis
27846,165179,Prevotella copri
28180,165179,Prevotella copri
28573,165179,Prevotella copri
29133,28131,Prevotella intermedia
29375,171549,Bacteroidales
30102,165179,Prevotella copri
30299,171549,Bacteroidales
30543,165179,Prevotella copri
30553,165179,Prevotella copri
30722,171549,Bacteroidales
30794,165179,Prevotella copri
31123,976,Bacteroidetes
31274,165179,Prevotella copri
31329,165179,Prevotella copri
31446,165179,Prevotella copri
31449,171549,Bacteroidales
31485,171549,Bacteroidales
31649,165179,Prevotella copri
31797,171549,Bacteroidales
32081,537011,Prevotella copri DSM 18205
32139,357276,Phocaeicola dorei
32329,165179,Prevotella copri
32739,165179,Prevotella copri
32825,816,Bacteroides
33668,537011,Prevotella copri DSM 18205
33752,537011,Prevotella copri DSM 18205
33838,171549,Bacteroidales
33896,537011,Prevotella copri DSM 18205
34132,165179,Prevotella copri
34759,165179,Prevotella copri
34806,537011,Prevotella copri DSM 18205
34950,165179,Prevotella copri
35001,537011,Prevotella copri DSM 18205
35204,28131,Prevotella intermedia
35384,537011,Prevotella copri DSM 18205
35688,46503,Parabacteroides merdae
35717,165179,Prevotella copri
35840,816,Bacteroides
36153,171549,Bacteroidales
36335,371601,Bacteroides xylanisolvens
37472,165179,Prevotella copri
37756,28127,Prevotella buccalis
38145,537011,Prevotella copri DSM 18205
38194,165179,Prevotella copri
38508,976,Bacteroidetes
38927,537011,Prevotella copri DSM 18205
38935,77095,Prevotella bryantii
39039,1532905,Paenibacillus sp. CAA11
39095,165179,Prevotella copri
39117,165179,Prevotella copri
39156,821,Phocaeicola vulgatus
39269,171549,Bacteroidales
39275,28127,Prevotella buccalis
39291,171549,Bacteroidales
39297,171549,Bacteroidales
39627,537011,Prevotella copri DSM 18205
39669,976,Bacteroidetes
40459,171549,Bacteroidales
40559,165179,Prevotella copri
40568,165179,Prevotella copri
40767,537011,Prevotella copri DSM 18205
40885,838,Prevotella
41072,537011,Prevotella copri DSM 18205
41186,171549,Bacteroidales
41212,537011,Prevotella copri DSM 18205
41541,838,Prevotella
41712,357276,Phocaeicola dorei
41876,537011,Prevotella copri DSM 18205
42471,165179,Prevotella copri
42687,667015,Phocaeicola salanitronis DSM 18170
42697,171549,Bacteroidales
42815,976,Bacteroidetes
43772,976,Bacteroidetes
44107,28131,Prevotella intermedia
44111,28131,Prevotella intermedia
44387,171549,Bacteroidales
44395,171549,Bacteroidales
44846,165179,Prevotella copri
45475,171549,Bacteroidales
45754,537011,Prevotella copri DSM 18205
45913,537011,Prevotella copri DSM 18205
46105,171549,Bacteroidales
46237,165179,Prevotella copri
46310,28135,Prevotella oris
46639,909656,Phocaeicola
46816,817,Bacteroides fragilis
47554,537011,Prevotella copri DSM 18205
48129,171549,Bacteroidales
48357,165179,Prevotella copri
48408,214856,Alistipes finegoldii
48642,165179,Prevotella copri
49362,165179,Prevotella copri
49782,171549,Bacteroidales
50365,537011,Prevotella copri DSM 18205
50477,165179,Prevotella copri
51105,537011,Prevotella copri DSM 18205
51112,537011,Prevotella copri DSM 18205
51130,820,Bacteroides uniformis
51386,976,Bacteroidetes
51485,28131,Prevotella intermedia
52051,976,Bacteroidetes
52628,165179,Prevotella copri
52692,165179,Prevotella copri
53100,537011,Prevotella copri DSM 18205
53552,679937,Bacteroides coprosuis DSM 18011
54260,171549,Bacteroidales
54284,537011,Prevotella copri DSM 18205
54431,171549,Bacteroidales
54449,816,Bacteroides
54990,165179,Prevotella copri
55050,815,Bacteroidaceae
55818,165179,Prevotella copri
56204,171549,Bacteroidales
57238,820,Bacteroides uniformis
57347,165179,Prevotella copri
57360,537011,Prevotella copri DSM 18205
57455,818,Bacteroides thetaiotaomicron
57516,28132,Prevotella melaninogenica
57619,165179,Prevotella copri
57707,976,Bacteroidetes
57816,171549,Bacteroidales
58199,537011,Prevotella copri DSM 18205
58633,838,Prevotella
59269,171549,Bacteroidales
59281,838,Prevotella
59373,817,Bacteroides fragilis
59396,165179,Prevotella copri
59993,28127,Prevotella buccalis
60004,537011,Prevotella copri DSM 18205
60768,171549,Bacteroidales
60872,165179,Prevotella copri
61060,165179,Prevotella copri
61317,165179,Prevotella copri
61353,2913616,Prevotella sp. E13-17
61502,537011,Prevotella copri DSM 18205
61911,165179,Prevotella copri
62375,387090,Phocaeicola coprophilus
62444,815,Bacteroidaceae
62480,171549,Bacteroidales
63113,537011,Prevotella copri DSM 18205
63983,537011,Prevotella copri DSM 18205
63989,165179,Prevotella copri
64034,171549,Bacteroidales
64445,537011,Prevotella copri DSM 18205
64885,908937,Prevotella dentalis DSM 3688
65843,820,Bacteroides uniformis
65847,165179,Prevotella copri
66079,171549,Bacteroidales
66081,165179,Prevotella copri
66137,171549,Bacteroidales
66742,171549,Bacteroidales
66852,165179,Prevotella copri
67090,171549,Bacteroidales
67338,537011,Prevotella copri DSM 18205
68203,537011,Prevotella copri DSM 18205
68731,214856,Alistipes finegoldii
69046,77095,Prevotella bryantii
69470,165179,Prevotella copri
69522,537011,Prevotella copri DSM 18205
70074,537011,Prevotella copri DSM 18205
70149,165179,Prevotella copri
71109,165179,Prevotella copri
71761,815,Bacteroidaceae
72342,165179,Prevotella copri
72563,171549,Bacteroidales
72569,171549,Bacteroidales
72607,165179,Prevotella copri
73032,165179,Prevotella copri
73211,2585118,Alistipes communis
73569,817,Bacteroides fragilis
74004,838,Prevotella
74019,1532905,Paenibacillus sp. CAA11
74148,537011,Prevotella copri DSM 18205
74411,171549,Bacteroidales
74667,171549,Bacteroidales
74859,537011,Prevotella copri DSM 18205
75071,2913621,Prevotella sp. E9-3
75092,171549,Bacteroidales
75325,2913620,Prevotella sp. E2-28
76199,537011,Prevotella copri DSM 18205
76868,171549,Bacteroidales
77178,171549,Bacteroidales
77402,165179,Prevotella copri
77521,537011,Prevotella copri DSM 18205
77635,171549,Bacteroidales
78187,537011,Prevotella copri DSM 18205
78582,537011,Prevotella copri DSM 18205
78713,171549,Bacteroidales
78755,165179,Prevotella copri
78892,171549,Bacteroidales
78954,165179,Prevotella copri
79023,1520,Clostridium beijerinckii
79643,171549,Bacteroidales
79652,165179,Prevotella copri
79895,165179,Prevotella copri
79897,165179,Prevotella copri
79948,537011,Prevotella copri DSM 18205
80167,171549,Bacteroidales
80862,165179,Prevotella copri
81199,537011,Prevotella copri DSM 18205
81262,171549,Bacteroidales
81530,537011,Prevotella copri DSM 18205
81628,537011,Prevotella copri DSM 18205
82347,537011,Prevotella copri DSM 18205
82357,165179,Prevotella copri
82530,165179,Prevotella copri
82540,815,Bacteroidaceae
82857,357276,Phocaeicola dorei
83006,165179,Prevotella copri
83060,171549,Bacteroidales
83092,537011,Prevotella copri DSM 18205
83115,537011,Prevotella copri DSM 18205
83375,816,Bacteroides
83661,838,Prevotella
83752,821,Phocaeicola vulgatus
84151,165179,Prevotella copri
84168,165179,Prevotella copri
85100,537011,Prevotella copri DSM 18205
85512,537011,Prevotella copri DSM 18205
85747,537011,Prevotella copri DSM 18205
85879,165179,Prevotella copri
85890,909656,Phocaeicola
86035,171549,Bacteroidales
86816,537011,Prevotella copri DSM 18205
86818,171549,Bacteroidales
86841,165179,Prevotella copri
87542,537011,Prevotella copri DSM 18205
87938,171549,Bacteroidales
87982,171552,Prevotellaceae
88091,171549,Bacteroidales
88093,171549,Bacteroidales
88515,165179,Prevotella copri
89142,171549,Bacteroidales
89154,171549,Bacteroidales
89256,165179,Prevotella copri
89715,818,Bacteroides thetaiotaomicron
90178,165179,Prevotella copri
90514,2937774,Prevotella sp. E15-22
90579,165179,Prevotella copri
91153,909656,Phocaeicola
91387,171549,Bacteroidales
91637,165179,Prevotella copri
92188,165179,Prevotella copri
92545,537011,Prevotella copri DSM 18205
92551,537011,Prevotella copri DSM 18205
92595,171549,Bacteroidales
92785,165179,Prevotella copri
93116,165179,Prevotella copri
94272,815,Bacteroidaceae
94495,537011,Prevotella copri DSM 18205
95064,537011,Prevotella copri DSM 18205
95598,537011,Prevotella copri DSM 18205
95648,165179,Prevotella copri
95737,537011,Prevotella copri DSM 18205
95798,77095,Prevotella bryantii
96701,171549,Bacteroidales
97109,171549,Bacteroidales
97284,165179,Prevotella copri
97801,165179,Prevotella copri
98277,165179,Prevotella copri
98285,165179,Prevotella copri
98452,171549,Bacteroidales
98702,818,Bacteroides thetaiotaomicron
99065,818,Bacteroides thetaiotaomicron
99612,537011,Prevotella copri DSM 18205
99732,165179,Prevotella copri
100156,165179,Prevotella copri
100207,165179,Prevotella copri
100231,537011,Prevotella copri DSM 18205
100662,165179,Prevotella copri
100992,171549,Bacteroidales
101143,165179,Prevotella copri
101464,171549,Bacteroidales
101677,537011,Prevotella copri DSM 18205
102059,537011,Prevotella copri DSM 18205
102143,171549,Bacteroidales
102508,537011,Prevotella copri DSM 18205
103964,818,Bacteroides thetaiotaomicron
104336,537011,Prevotella copri DSM 18205
104522,165179,Prevotella copri
105429,314275,Alteromonas mediterranea
105540,537011,Prevotella copri DSM 18205
105714,537011,Prevotella copri DSM 18205
105865,77095,Prevotella bryantii
106300,28127,Prevotella buccalis
106508,165179,Prevotella copri
106574,165179,Prevotella copri
106950,537011,Prevotella copri DSM 18205
107127,165179,Prevotella copri
107133,165179,Prevotella copri
107290,821,Phocaeicola vulgatus
107372,165179,Prevotella copri
107988,816,Bacteroides
108267,165179,Prevotella copri
108382,171549,Bacteroidales
108573,2530390,Muribaculum gordoncarteri
108909,171549,Bacteroidales
108966,165179,Prevotella copri
109321,171549,Bacteroidales
109383,976,Bacteroidetes
109602,165179,Prevotella copri
109849,537011,Prevotella copri DSM 18205
110411,537011,Prevotella copri DSM 18205
110421,165179,Prevotella copri
110649,537011,Prevotella copri DSM 18205
111155,357276,Phocaeicola dorei
111734,165179,Prevotella copri
111778,171549,Bacteroidales
111944,171549,Bacteroidales
112150,165179,Prevotella copri
112858,1249553,Bacterioplanes sanyensis
113010,95486,Burkholderia cenocepacia
113473,537011,Prevotella copri DSM 18205
113687,537011,Prevotella copri DSM 18205
113693,537011,Prevotella copri DSM 18205
114056,171549,Bacteroidales
114151,171549,Bacteroidales
114170,171549,Bacteroidales
114353,821,Phocaeicola vulgatus
114486,171549,Bacteroidales
114663,2801997,Prevotella herbatica
115030,9606,Homo sapiens
115429,165179,Prevotella copri
115708,165179,Prevotella copri
116199,165179,Prevotella copri
116611,165179,Prevotella copri
117200,909656,Phocaeicola
117306,816,Bacteroides
117375,1288970,Magnetospira sp. QH-2
117486,537011,Prevotella copri DSM 18205
118417,46503,Parabacteroides merdae
118425,171549,Bacteroidales
118827,818,Bacteroides thetaiotaomicron
118942,821,Phocaeicola vulgatus
119284,171549,Bacteroidales
119432,171549,Bacteroidales
119966,976,Bacteroidetes
119982,171549,Bacteroidales
120008,537011,Prevotella copri DSM 18205
120148,537011,Prevotella copri DSM 18205
120323,171549,Bacteroidales
120349,171549,Bacteroidales
120669,818,Bacteroides thetaiotaomicron
120778,171549,Bacteroidales
120895,537011,Prevotella copri DSM 18205
121047,165179,Prevotella copri
121127,976,Bacteroidetes
121170,537011,Prevotella copri DSM 18205
121376,171549,Bacteroidales
122629,821,Phocaeicola vulgatus
122722,77095,Prevotella bryantii
123691,171549,Bacteroidales
123952,537011,Prevotella copri DSM 18205
124207,537011,Prevotella copri DSM 18205
124618,537011,Prevotella copri DSM 18205
124726,818,Bacteroides thetaiotaomicron
124783,165179,Prevotella copri
124789,165179,Prevotella copri
125001,816,Bacteroides
125161,820,Bacteroides uniformis
125570,815,Bacteroidaceae
126595,537011,Prevotella copri DSM 18205
126619,537011,Prevotella copri DSM 18205
127814,165179,Prevotella copri
128473,537011,Prevotella copri DSM 18205
128725,165179,Prevotella copri
129829,165179,Prevotella copri
130794,29497,Vibrio splendidus
131034,537011,Prevotella copri DSM 18205
131153,165179,Prevotella copri
131246,537011,Prevotella copri DSM 18205
131376,2638335,unclassified Prevotella
131543,2715212,Bacteroides sp. CBA7301
132830,817,Bacteroides fragilis
132853,165179,Prevotella copri
133070,171549,Bacteroidales
133117,165179,Prevotella copri
133776,165179,Prevotella copri
134067,165179,Prevotella copri
134222,171549,Bacteroidales
134252,537011,Prevotella copri DSM 18205
134360,171549,Bacteroidales
134950,820,Bacteroides uniformis
135831,537011,Prevotella copri DSM 18205
135911,537011,Prevotella copri DSM 18205
136783,537011,Prevotella copri DSM 18205
136941,135622,Alteromonadales
137154,46503,Parabacteroides merdae
137360,171549,Bacteroidales
137407,171549,Bacteroidales
137552,171549,Bacteroidales
138012,537011,Prevotella copri DSM 18205
138113,537011,Prevotella copri DSM 18205
138989,171549,Bacteroidales
139070,165179,Prevotella copri
139209,171549,Bacteroidales
139221,46503,Parabacteroides merdae
139517,165179,Prevotella copri
139919,171549,Bacteroidales
139933,171549,Bacteroidales
139976,976,Bacteroidetes
140402,77095,Prevotella bryantii
140553,165179,Prevotella copri
140921,165179,Prevotella copri
140951,165179,Prevotella copri
141158,165179,Prevotella copri
141681,165179,Prevotella copri
142452,838,Prevotella
142525,537011,Prevotella copri DSM 18205
142734,28132,Prevotella melaninogenica
143166,537011,Prevotella copri DSM 18205
143758,537011,Prevotella copri DSM 18205
144359,537011,Prevotella copri DSM 18205
144463,171549,Bacteroidales
144692,165179,Prevotella copri
144858,165179,Prevotella copri
146264,28127,Prevotella buccalis
146606,171549,Bacteroidales
147154,357276,Phocaeicola dorei
147263,537011,Prevotella copri DSM 18205
148611,171549,Bacteroidales
149665,976,Bacteroidetes
149838,838,Prevotella
150355,537011,Prevotella copri DSM 18205
150357,214856,Alistipes finegoldii
151031,387090,Phocaeicola coprophilus
151107,171549,Bacteroidales
151191,817,Bacteroides fragilis
151671,537011,Prevotella copri DSM 18205
151695,537011,Prevotella copri DSM 18205
151865,1224,Proteobacteria
152164,28132,Prevotella melaninogenica
152168,171549,Bacteroidales
152201,537011,Prevotella copri DSM 18205
152205,537011,Prevotella copri DSM 18205
152575,165179,Prevotella copri
152964,171549,Bacteroidales
153080,537011,Prevotella copri DSM 18205
153432,165179,Prevotella copri
153466,165179,Prevotella copri
153601,165179,Prevotella copri
153826,357276,Phocaeicola dorei
155855,815,Bacteroidaceae
155887,165179,Prevotella copri
156072,171549,Bacteroidales
156411,838,Prevotella
156465,165179,Prevotella copri
157135,165179,Prevotella copri
157388,165179,Prevotella copri
157532,171549,Bacteroidales
158838,537011,Prevotella copri DSM 18205
159564,976,Bacteroidetes
159624,165179,Prevotella copri
159867,165179,Prevotella copri
160110,816,Bacteroides
160374,171549,Bacteroidales
160435,357276,Phocaeicola dorei
160480,171549,Bacteroidales
161179,165179,Prevotella copri
161629,171549,Bacteroidales
161798,537011,Prevotella copri DSM 18205
161925,165179,Prevotella copri
162444,165179,Prevotella copri
162841,693979,Bacteroides helcogenes P 36-108
163650,171549,Bacteroidales
163688,171549,Bacteroidales
163707,165179,Prevotella copri
164044,171549,Bacteroidales
164156,165179,Prevotella copri
164896,817,Bacteroides fragilis
164935,537011,Prevotella copri DSM 18205
165103,171549,Bacteroidales
165395,165179,Prevotella copri
166140,165179,Prevotella copri
166604,171549,Bacteroidales
167808,165179,Prevotella copri
168134,165179,Prevotella copri
168777,2762318,Weeksellaceae
169388,171549,Bacteroidales
169752,537011,Prevotella copri DSM 18205
169991,165179,Prevotella copri
170635,171549,Bacteroidales
170771,537011,Prevotella copri DSM 18205
171757,171549,Bacteroidales
171805,537011,Prevotella copri DSM 18205
172281,667015,Phocaeicola salanitronis DSM 18170
172495,171549,Bacteroidales
172717,165179,Prevotella copri
173002,537011,Prevotella copri DSM 18205
173661,171549,Bacteroidales
173785,537011,Prevotella copri DSM 18205
173997,171549,Bacteroidales
174398,537011,Prevotella copri DSM 18205
175997,171549,Bacteroidales
176280,1532905,Paenibacillus sp. CAA11
176906,537011,Prevotella copri DSM 18205
176917,171549,Bacteroidales
176977,165179,Prevotella copri
177460,165179,Prevotella copri
178501,165179,Prevotella copri
178677,165179,Prevotella copri
178945,165179,Prevotella copri
179028,171549,Bacteroidales
179127,46503,Parabacteroides merdae
179214,976,Bacteroidetes
179755,28132,Prevotella melaninogenica
179985,537011,Prevotella copri DSM 18205
179989,165179,Prevotella copri
180835,171549,Bacteroidales
181159,2913619,Prevotella sp. E2-25
181327,165179,Prevotella copri
181473,165179,Prevotella copri
181760,537011,Prevotella copri DSM 18205
182428,328812,Parabacteroides goldsteinii
182813,537011,Prevotella copri DSM 18205
182922,165179,Prevotella copri
183639,537011,Prevotella copri DSM 18205
183916,171549,Bacteroidales
184222,171549,Bacteroidales
184494,537011,Prevotella copri DSM 18205
184516,165179,Prevotella copri
184527,537011,Prevotella copri DSM 18205
186275,171549,Bacteroidales
186424,165179,Prevotella copri
186541,165179,Prevotella copri
187116,165179,Prevotella copri
187132,28127,Prevotella buccalis
187421,818,Bacteroides thetaiotaomicron
187536,815,Bacteroidaceae
187635,2841925,Vibrio sp. OG9-811
188003,357276,Phocaeicola dorei
188162,537011,Prevotella copri DSM 18205
188230,537011,Prevotella copri DSM 18205
188547,165179,Prevotella copri
188772,165179,Prevotella copri
188951,171549,Bacteroidales
189115,357276,Phocaeicola dorei
189182,171549,Bacteroidales
189347,165179,Prevotella copri
189387,537011,Prevotella copri DSM 18205
189708,815,Bacteroidaceae
191332,171549,Bacteroidales
191644,537011,Prevotella copri DSM 18205
192603,171549,Bacteroidales
192929,171549,Bacteroidales
192975,171549,Bacteroidales
193128,537011,Prevotella copri DSM 18205
193787,171549,Bacteroidales
194061,537011,Prevotella copri DSM 18205
194065,165179,Prevotella copri
194110,165179,Prevotella copri
194238,165179,Prevotella copri
194732,165179,Prevotella copri
196521,165179,Prevotella copri
197653,165179,Prevotella copri
197930,1239,Firmicutes
197969,171549,Bacteroidales
198020,165179,Prevotella copri
198054,976,Bacteroidetes
198805,976,Bacteroidetes
199297,537011,Prevotella copri DSM 18205
200172,838,Prevotella
200739,537011,Prevotella copri DSM 18205
201102,165179,Prevotella copri
201306,165179,Prevotella copri
201702,165179,Prevotella copri
202674,537011,Prevotella copri DSM 18205
202824,537011,Prevotella copri DSM 18205
203221,171549,Bacteroidales
203248,537011,Prevotella copri DSM 18205
204348,537011,Prevotella copri DSM 18205
204791,165179,Prevotella copri
205204,165179,Prevotella copri
205402,171549,Bacteroidales
205526,537011,Prevotella copri DSM 18205
206719,909656,Phocaeicola
207064,165179,Prevotella copri
207119,357276,Phocaeicola dorei
207248,165179,Prevotella copri
207654,165179,Prevotella copri
208498,171549,Bacteroidales
208766,537011,Prevotella copri DSM 18205
209046,165179,Prevotella copri
209926,165179,Prevotella copri
210007,838,Prevotella
210049,165179,Prevotella copri
210087,171549,Bacteroidales
210305,537011,Prevotella copri DSM 18205
211193,537011,Prevotella copri DSM 18205
211398,537011,Prevotella copri DSM 18205
212040,537011,Prevotella copri DSM 18205
212112,165179,Prevotella copri
212139,537011,Prevotella copri DSM 18205
212175,171549,Bacteroidales
212747,976,Bacteroidetes
212885,679937,Bacteroides coprosuis DSM 18011
213982,171549,Bacteroidales
214315,165179,Prevotella copri
214631,165179,Prevotella copri
214966,976,Bacteroidetes
215201,165179,Prevotella copri
215423,537011,Prevotella copri DSM 18205
215722,171549,Bacteroidales
215999,815,Bacteroidaceae
216151,165179,Prevotella copri
216376,165179,Prevotella copri
217199,165179,Prevotella copri
218747,537011,Prevotella copri DSM 18205
218880,165179,Prevotella copri
219120,165179,Prevotella copri
219696,165179,Prevotella copri
220200,816,Bacteroides
220408,816,Bacteroides
220501,537011,Prevotella copri DSM 18205
220745,537011,Prevotella copri DSM 18205
220939,537011,Prevotella copri DSM 18205
221470,537011,Prevotella copri DSM 18205
222141,171549,Bacteroidales
222674,537011,Prevotella copri DSM 18205
222683,537011,Prevotella copri DSM 18205
222698,537011,Prevotella copri DSM 18205
222757,171549,Bacteroidales
222941,171549,Bacteroidales
224007,171549,Bacteroidales
224343,165179,Prevotella copri
224390,171549,Bacteroidales
224954,165179,Prevotella copri
225245,821,Phocaeicola vulgatus
225390,976,Bacteroidetes
226207,171549,Bacteroidales
226788,214856,Alistipes finegoldii
227177,818,Bacteroides thetaiotaomicron
227237,171549,Bacteroidales
227337,165179,Prevotella copri
228741,46503,Parabacteroides merdae
228824,537011,Prevotella copri DSM 18205
229116,171549,Bacteroidales
230536,2807626,Glaciimonas sp. PAMC28666
230951,46503,Parabacteroides merdae
230965,46503,Parabacteroides merdae
231088,165179,Prevotella copri
232424,537011,Prevotella copri DSM 18205
233058,537011,Prevotella copri DSM 18205
233869,165179,Prevotella copri
234188,165179,Prevotella copri
234210,165179,Prevotella copri
234268,537011,Prevotella copri DSM 18205
234675,2606626,Sodaliphilus pleomorphus
235181,28131,Prevotella intermedia
236107,165179,Prevotella copri
237166,537011,Prevotella copri DSM 18205
237281,165179,Prevotella copri
238071,537011,Prevotella copri DSM 18205
238173,816,Bacteroides
238286,537011,Prevotella copri DSM 18205
238432,171549,Bacteroidales
238687,171549,Bacteroidales
240152,171549,Bacteroidales
240238,77095,Prevotella bryantii
240325,537011,Prevotella copri DSM 18205
240545,537011,Prevotella copri DSM 18205
241162,171549,Bacteroidales
242160,165179,Prevotella copri
242778,165179,Prevotella copri
243305,537011,Prevotella copri DSM 18205
243771,171549,Bacteroidales
244998,165179,Prevotella copri
245394,165179,Prevotella copri
245411,821,Phocaeicola vulgatus
245721,171549,Bacteroidales
245764,838,Prevotella
246401,165179,Prevotella copri
247270,165179,Prevotella copri
247859,537011,Prevotella copri DSM 18205
248067,817,Bacteroides fragilis
248150,171549,Bacteroidales
248867,976,Bacteroidetes
249698,537011,Prevotella copri DSM 18205
250176,165179,Prevotella copri
250263,537011,Prevotella copri DSM 18205
250331,165179,Prevotella copri
250794,976,Bacteroidetes
251539,171549,Bacteroidales
251967,537011,Prevotella copri DSM 18205
252531,909656,Phocaeicola
252728,537011,Prevotella copri DSM 18205
254622,537011,Prevotella copri DSM 18205
255217,171549,Bacteroidales
255520,667015,Phocaeicola salanitronis DSM 18170
255537,171552,Prevotellaceae
255834,817,Bacteroides fragilis
257346,171549,Bacteroidales
258990,537011,Prevotella copri DSM 18205
260549,165179,Prevotella copri
260992,171549,Bacteroidales
261113,171549,Bacteroidales
261635,28127,Prevotella buccalis
262157,165179,Prevotella copri
263682,537011,Prevotella copri DSM 18205
263688,537011,Prevotella copri DSM 18205
263941,171549,Bacteroidales
264539,817,Bacteroides fragilis
264779,165179,Prevotella copri
264843,165179,Prevotella copri
264995,171549,Bacteroidales
265305,537011,Prevotella copri DSM 18205
265972,165179,Prevotella copri
266510,165179,Prevotella copri
266573,537011,Prevotella copri DSM 18205
267780,165179,Prevotella copri
268979,239759,Alistipes
270041,171549,Bacteroidales
270521,165179,Prevotella copri
271096,171549,Bacteroidales
272105,815,Bacteroidaceae
272200,165179,Prevotella copri
273839,165179,Prevotella copri
273869,171549,Bacteroidales
274913,165179,Prevotella copri
275538,537011,Prevotella copri DSM 18205
277372,171549,Bacteroidales
277945,2913620,Prevotella sp. E2-28
278099,816,Bacteroides
278695,2,Bacteria
279358,165179,Prevotella copri
280197,77095,Prevotella bryantii
280467,165179,Prevotella copri
280837,537011,Prevotella copri DSM 18205
281253,171549,Bacteroidales
281764,838,Prevotella
282887,976,Bacteroidetes
283593,165179,Prevotella copri
283936,537011,Prevotella copri DSM 18205
283946,46503,Parabacteroides merdae
285946,1177574,Prevotella jejuni
286656,165179,Prevotella copri
287527,712471,Prevotella sp. oral taxon 475
288056,165179,Prevotella copri
288141,976,Bacteroidetes
289923,165179,Prevotella copri
291295,171549,Bacteroidales
292645,537011,Prevotella copri DSM 18205
293316,165179,Prevotella copri
293384,165179,Prevotella copri
294001,171549,Bacteroidales
294843,171549,Bacteroidales
295753,817,Bacteroides fragilis
296124,165179,Prevotella copri
296570,537011,Prevotella copri DSM 18205
297707,171549,Bacteroidales
298937,909656,Phocaeicola
299072,371601,Bacteroides xylanisolvens
299761,537011,Prevotella copri DSM 18205
300011,537011,Prevotella copri DSM 18205
300260,165179,Prevotella copri
301388,1642646,Petrimonas mucosa
302039,537011,Prevotella copri DSM 18205
302651,165179,Prevotella copri
303649,171549,Bacteroidales
303816,537011,Prevotella copri DSM 18205
304911,165179,Prevotella copri
304915,165179,Prevotella copri
307555,171549,Bacteroidales
307849,165179,Prevotella copri
307999,537011,Prevotella copri DSM 18205
308037,537011,Prevotella copri DSM 18205
309150,165179,Prevotella copri
309293,165179,Prevotella copri
313492,165179,Prevotella copri
316164,537011,Prevotella copri DSM 18205
316215,357276,Phocaeicola dorei
317134,171549,Bacteroidales
317487,165179,Prevotella copri
317671,165179,Prevotella copri
317829,171549,Bacteroidales
318018,821,Phocaeicola vulgatus
318278,165179,Prevotella copri
320768,171549,Bacteroidales
321288,976,Bacteroidetes
321648,165179,Prevotella copri
321933,165179,Prevotella copri
322703,165179,Prevotella copri
323507,171549,Bacteroidales
324156,820,Bacteroides uniformis
324261,165179,Prevotella copri
325087,537011,Prevotella copri DSM 18205
325159,165179,Prevotella copri
326865,171549,Bacteroidales
327784,816,Bacteroides
327810,165179,Prevotella copri
329145,171549,Bacteroidales
329915,214856,Alistipes finegoldii
330104,537011,Prevotella copri DSM 18205
331566,909656,Phocaeicola
335878,537011,Prevotella copri DSM 18205
336144,165179,Prevotella copri
338107,28133,Prevotella nigrescens
338330,171549,Bacteroidales
339326,537011,Prevotella copri DSM 18205
340912,171549,Bacteroidales
343223,171549,Bacteroidales
345239,838,Prevotella
345672,171549,Bacteroidales
345745,171549,Bacteroidales
345978,537011,Prevotella copri DSM 18205
347597,171549,Bacteroidales
348825,171549,Bacteroidales
350456,171549,Bacteroidales
350998,165179,Prevotella copri
352892,46503,Parabacteroides merdae
353931,537011,Prevotella copri DSM 18205
356495,165179,Prevotella copri
358062,165179,Prevotella copri
358138,165179,Prevotella copri
366344,2801997,Prevotella herbatica
372410,537011,Prevotella copri DSM 18205
372739,165179,Prevotella copri
373114,77095,Prevotella bryantii
374154,537011,Prevotella copri DSM 18205
374752,46503,Parabacteroides merdae
380198,165179,Prevotella copri
380278,171549,Bacteroidales
381249,537011,Prevotella copri DSM 18205
383327,537011,Prevotella copri DSM 18205
383870,165179,Prevotella copri
384643,537011,Prevotella copri DSM 18205
384781,36874,Porphyromonas cangingivalis
388022,537011,Prevotella copri DSM 18205
389260,165179,Prevotella copri
390814,165179,Prevotella copri
394629,165179,Prevotella copri
395393,165179,Prevotella copri
395808,537011,Prevotella copri DSM 18205
397254,171549,Bacteroidales
398117,46503,Parabacteroides merdae
401179,165179,Prevotella copri
401197,537011,Prevotella copri DSM 18205
402655,537011,Prevotella copri DSM 18205
403931,165179,Prevotella copri
405521,165179,Prevotella copri
405548,537011,Prevotella copri DSM 18205
409006,2913620,Prevotella sp. E2-28
415771,171549,Bacteroidales
NA,0,unclassified