Node name,taxid,Taxa
70,1496,Clostridioides difficile
167,717960,Faecalitalea cylindroides T2-87
405,39488,Anaerobutyricum hallii
786,1496,Clostridioides difficile
863,216851,Faecalibacterium
879,216851,Faecalibacterium
900,1496,Clostridioides difficile
1112,853,Faecalibacterium prausnitzii
1132,853,Faecalibacterium prausnitzii
1136,216851,Faecalibacterium
1306,208479,Enterocloster bolteae
1392,39488,Anaerobutyricum hallii
1452,2929492,Faecalibacterium sp. I3333
1489,216851,Faecalibacterium
1618,39488,Anaerobutyricum hallii
1729,853,Faecalibacterium prausnitzii
2094,216851,Faecalibacterium
2369,186826,Lactobacillales
2420,39488,Anaerobutyricum hallii
2461,216851,Faecalibacterium
2754,1496,Clostridioides difficile
2980,39488,Anaerobutyricum hallii
3032,39488,Anaerobutyricum hallii
3355,2929494,Faecalibacterium sp. I4179
3378,216851,Faecalibacterium
3554,216851,Faecalibacterium
3622,39488,Anaerobutyricum hallii
4107,1496,Clostridioides difficile
4395,853,Faecalibacterium prausnitzii
4401,216851,Faecalibacterium
4602,39488,Anaerobutyricum hallii
4635,2929492,Faecalibacterium sp. I3333
4659,853,Faecalibacterium prausnitzii
4818,216851,Faecalibacterium
4900,853,Faecalibacterium prausnitzii
5195,216851,Faecalibacterium
5203,39488,Anaerobutyricum hallii
5653,853,Faecalibacterium prausnitzii
5814,2929494,Faecalibacterium sp. I4179
5883,657322,Faecalibacterium prausnitzii SL3/3
6048,853,Faecalibacterium prausnitzii
6242,1496,Clostridioides difficile
6308,2929492,Faecalibacterium sp. I3333
6642,2646395,unclassified Faecalibacterium
6782,1737424,Blautia massiliensis
6848,216851,Faecalibacterium
6975,2929493,Faecalibacterium sp. I3389
7050,216851,Faecalibacterium
7275,216851,Faecalibacterium
7293,216851,Faecalibacterium
7464,216851,Faecalibacterium
7822,853,Faecalibacterium prausnitzii
8230,39488,Anaerobutyricum hallii
8467,2646395,unclassified Faecalibacterium
8512,2929494,Faecalibacterium sp. I4179
9132,216851,Faecalibacterium
9162,2086584,Massilistercora timonensis
9303,2714353,Vescimonas fastidiosa
9441,39488,Anaerobutyricum hallii
9512,853,Faecalibacterium prausnitzii
10271,216851,Faecalibacterium
10383,2646395,unclassified Faecalibacterium
10443,216851,Faecalibacterium
10613,208479,Enterocloster bolteae
10874,853,Faecalibacterium prausnitzii
11021,1496,Clostridioides difficile
11187,657322,Faecalibacterium prausnitzii SL3/3
11337,208479,Enterocloster bolteae
11467,853,Faecalibacterium prausnitzii
11638,216851,Faecalibacterium
11644,216851,Faecalibacterium
11739,216851,Faecalibacterium
12422,657322,Faecalibacterium prausnitzii SL3/3
12450,39488,Anaerobutyricum hallii
12889,39488,Anaerobutyricum hallii
12956,39488,Anaerobutyricum hallii
12982,2929492,Faecalibacterium sp. I3333
13004,39488,Anaerobutyricum hallii
13010,216851,Faecalibacterium
13108,1496,Clostridioides difficile
13165,853,Faecalibacterium prausnitzii
13662,853,Faecalibacterium prausnitzii
13846,2929488,Faecalibacterium sp. IP118
14225,853,Faecalibacterium prausnitzii
14709,853,Faecalibacterium prausnitzii
15020,216851,Faecalibacterium
15557,216851,Faecalibacterium
15938,216572,Oscillospiraceae
16065,2929489,Faecalibacterium sp. IP329
16502,216851,Faecalibacterium
17789,537007,Blautia hansenii DSM 20583
17920,2929495,Faecalibacterium sp. I4384
18628,2479767,Blautia sp. SC05B48
18890,853,Faecalibacterium prausnitzii
21450,537007,Blautia hansenii DSM 20583
22063,186803,Lachnospiraceae
22299,39488,Anaerobutyricum hallii
24738,216851,Faecalibacterium
25831,39488,Anaerobutyricum hallii
26366,657322,Faecalibacterium prausnitzii SL3/3
26925,2646395,unclassified Faecalibacterium
NA,0,unclassified
