Node name,taxid,Taxa
45,2646395,unclassified Faecalibacterium
62,186802,Eubacteriales
68,216572,Oscillospiraceae
218,536231,Roseburia intestinalis L1-82
573,186802,Eubacteriales
675,186802,Eubacteriales
681,186802,Eubacteriales
788,186802,Eubacteriales
873,186802,Eubacteriales
1246,216851,Faecalibacterium
1306,853,Faecalibacterium prausnitzii
1464,853,Faecalibacterium prausnitzii
1526,718255,Roseburia intestinalis XB6B4
1825,216851,Faecalibacterium
1827,216851,Faecalibacterium
1854,853,Faecalibacterium prausnitzii
2032,186802,Eubacteriales
2047,84030,Lacrimispora saccharolytica
2157,216572,Oscillospiraceae
2283,186802,Eubacteriales
2321,166486,Roseburia intestinalis
2326,216851,Faecalibacterium
2356,216851,Faecalibacterium
2594,186802,Eubacteriales
2737,717960,Faecalitalea cylindroides T2-87
2835,411486,Clostridium sp. M62/1
3027,853,Faecalibacterium prausnitzii
3047,186803,Lachnospiraceae
3074,216851,Faecalibacterium
3128,84030,Lacrimispora saccharolytica
3141,186803,Lachnospiraceae
3154,216851,Faecalibacterium
3206,2646395,unclassified Faecalibacterium
3446,216851,Faecalibacterium
3453,216851,Faecalibacterium
3646,718255,Roseburia intestinalis XB6B4
3935,186802,Eubacteriales
4022,216851,Faecalibacterium
4026,216851,Faecalibacterium
4077,216851,Faecalibacterium
4105,194,Campylobacter
4131,216572,Oscillospiraceae
4278,1297617,Intestinimonas butyriciproducens
4339,1496,Clostridioides difficile
4483,216851,Faecalibacterium
4531,853,Faecalibacterium prausnitzii
4612,186802,Eubacteriales
4742,853,Faecalibacterium prausnitzii
4761,216851,Faecalibacterium
4839,853,Faecalibacterium prausnitzii
4897,194,Campylobacter
4933,853,Faecalibacterium prausnitzii
5093,186802,Eubacteriales
5142,853,Faecalibacterium prausnitzii
5159,853,Faecalibacterium prausnitzii
5196,216851,Faecalibacterium
5740,186802,Eubacteriales
6012,166486,Roseburia intestinalis
6028,216851,Faecalibacterium
6168,186802,Eubacteriales
6191,186802,Eubacteriales
6458,216851,Faecalibacterium
6589,216851,Faecalibacterium
6616,1805478,Olsenella timonensis
6695,853,Faecalibacterium prausnitzii
6724,216851,Faecalibacterium
7013,2929495,Faecalibacterium sp. I4384
7114,186802,Eubacteriales
7117,1605,Ligilactobacillus animalis
7135,186802,Eubacteriales
7161,186802,Eubacteriales
7221,186802,Eubacteriales
7330,216851,Faecalibacterium
7445,186802,Eubacteriales
7535,853,Faecalibacterium prausnitzii
7591,216851,Faecalibacterium
7676,216851,Faecalibacterium
7844,292800,Flavonifractor plautii
7989,216851,Faecalibacterium
8194,1301,Streptococcus
8345,216851,Faecalibacterium
8405,186802,Eubacteriales
8623,216851,Faecalibacterium
8655,216851,Faecalibacterium
8766,853,Faecalibacterium prausnitzii
8797,186802,Eubacteriales
8829,186803,Lachnospiraceae
8994,1297617,Intestinimonas butyriciproducens
9032,853,Faecalibacterium prausnitzii
9356,89153,[Clostridium] hylemonae
10161,2929494,Faecalibacterium sp. I4179
10202,216851,Faecalibacterium
10203,216851,Faecalibacterium
10432,216851,Faecalibacterium
10532,2646395,unclassified Faecalibacterium
10585,32022,Campylobacter jejuni subsp. jejuni
10735,216851,Faecalibacterium
10998,1737424,Blautia massiliensis
11178,216851,Faecalibacterium
11260,216851,Faecalibacterium
11333,2646395,unclassified Faecalibacterium
11335,216851,Faecalibacterium
11384,2929488,Faecalibacterium sp. IP118
11425,216851,Faecalibacterium
11465,88431,Dorea longicatena
11518,216851,Faecalibacterium
11836,29347,[Clostridium] scindens
11998,657313,[Ruminococcus] torques L2-14
12253,2830675,Dysosmobacter sp. Marseille-Q4140
12306,84030,Lacrimispora saccharolytica
12341,718252,Faecalibacterium prausnitzii L2-6
12351,216851,Faecalibacterium
12587,2719313,Enterocloster
12787,853,Faecalibacterium prausnitzii
12823,853,Faecalibacterium prausnitzii
12878,216851,Faecalibacterium
13350,186802,Eubacteriales
13358,186802,Eubacteriales
13372,39488,Anaerobutyricum hallii
13474,411470,[Ruminococcus] gnavus ATCC 29149
13527,717960,Faecalitalea cylindroides T2-87
13565,292800,Flavonifractor plautii
13667,216851,Faecalibacterium
13793,301301,Roseburia hominis
13886,2929490,Faecalibacterium sp. I2392
13924,186802,Eubacteriales
13939,186802,Eubacteriales
14420,2929488,Faecalibacterium sp. IP118
14814,718255,Roseburia intestinalis XB6B4
14848,216851,Faecalibacterium
14999,2714353,Vescimonas fastidiosa
15274,853,Faecalibacterium prausnitzii
15332,657322,Faecalibacterium prausnitzii SL3/3
15524,2763669,Qiania dongpingensis
15536,216851,Faecalibacterium
15721,216851,Faecalibacterium
15890,2646395,unclassified Faecalibacterium
16121,2929494,Faecalibacterium sp. I4179
16313,186802,Eubacteriales
16503,2929495,Faecalibacterium sp. I4384
17019,216851,Faecalibacterium
17025,2929488,Faecalibacterium sp. IP118
17042,853,Faecalibacterium prausnitzii
17087,216851,Faecalibacterium
17484,39488,Anaerobutyricum hallii
17514,2929488,Faecalibacterium sp. IP118
17650,186802,Eubacteriales
17751,116085,Coprococcus catus
17798,2144175,Megasphaera stantonii
17941,216851,Faecalibacterium
17996,186802,Eubacteriales
18026,216851,Faecalibacterium
18560,2929492,Faecalibacterium sp. I3333
18644,1496,Clostridioides difficile
18834,216851,Faecalibacterium
18997,186802,Eubacteriales
19107,186803,Lachnospiraceae
19118,657322,Faecalibacterium prausnitzii SL3/3
19181,2929494,Faecalibacterium sp. I4179
19217,216851,Faecalibacterium
19322,216851,Faecalibacterium
19523,536231,Roseburia intestinalis L1-82
19637,216572,Oscillospiraceae
19708,2929489,Faecalibacterium sp. IP329
19981,216572,Oscillospiraceae
19985,186802,Eubacteriales
20257,853,Faecalibacterium prausnitzii
20616,216851,Faecalibacterium
20682,216851,Faecalibacterium
20793,216851,Faecalibacterium
20894,39488,Anaerobutyricum hallii
20987,186802,Eubacteriales
21119,216851,Faecalibacterium
21192,1496,Clostridioides difficile
21560,216851,Faecalibacterium
21684,2929494,Faecalibacterium sp. I4179
21719,186802,Eubacteriales
21810,536231,Roseburia intestinalis L1-82
22112,853,Faecalibacterium prausnitzii
22470,186802,Eubacteriales
22559,216851,Faecalibacterium
22630,186803,Lachnospiraceae
23113,216851,Faecalibacterium
23212,88431,Dorea longicatena
23400,536231,Roseburia intestinalis L1-82
23463,39488,Anaerobutyricum hallii
23528,717960,Faecalitalea cylindroides T2-87
23977,718255,Roseburia intestinalis XB6B4
23989,853,Faecalibacterium prausnitzii
24100,216851,Faecalibacterium
24585,84030,Lacrimispora saccharolytica
24592,186802,Eubacteriales
25114,186802,Eubacteriales
25140,186802,Eubacteriales
25244,216851,Faecalibacterium
25335,718252,Faecalibacterium prausnitzii L2-6
25348,186803,Lachnospiraceae
25479,216851,Faecalibacterium
25542,2763672,Simiaoa sunii
25734,186802,Eubacteriales
26088,216851,Faecalibacterium
26432,186802,Eubacteriales
26435,2929494,Faecalibacterium sp. I4179
26476,216851,Faecalibacterium
26838,216572,Oscillospiraceae
27108,853,Faecalibacterium prausnitzii
27481,186802,Eubacteriales
27514,216572,Oscillospiraceae
27699,84030,Lacrimispora saccharolytica
28026,853,Faecalibacterium prausnitzii
28649,216851,Faecalibacterium
28850,216851,Faecalibacterium
28947,2929489,Faecalibacterium sp. IP329
29649,853,Faecalibacterium prausnitzii
29886,301301,Roseburia hominis
30012,216851,Faecalibacterium
30328,536231,Roseburia intestinalis L1-82
30332,33038,[Ruminococcus] gnavus
30506,186802,Eubacteriales
31489,853,Faecalibacterium prausnitzii
32070,853,Faecalibacterium prausnitzii
32074,853,Faecalibacterium prausnitzii
32189,216572,Oscillospiraceae
32231,2763669,Qiania dongpingensis
32589,186802,Eubacteriales
33788,2929494,Faecalibacterium sp. I4179
33898,216851,Faecalibacterium
34890,216851,Faecalibacterium
35243,853,Faecalibacterium prausnitzii
35351,186803,Lachnospiraceae
35941,216851,Faecalibacterium
36209,216851,Faecalibacterium
37042,216851,Faecalibacterium
38040,657315,Roseburia intestinalis M50/1
38200,2763672,Simiaoa sunii
38287,186802,Eubacteriales
38511,186802,Eubacteriales
40588,216851,Faecalibacterium
40705,853,Faecalibacterium prausnitzii
42076,853,Faecalibacterium prausnitzii
43325,2780922,Solibaculum mannosilyticum
44089,853,Faecalibacterium prausnitzii
44638,216851,Faecalibacterium
45785,197,Campylobacter jejuni
NA,0,unclassified
