Node name,taxid,Taxa
457,83334,Escherichia coli O157:H7
664,562,Escherichia coli
930,562,Escherichia coli
997,91347,Enterobacterales
1001,306,Pseudomonas sp.
1021,543,Enterobacteriaceae
1073,562,Escherichia coli
1109,562,Escherichia coli
1180,543,Enterobacteriaceae
1366,1236,Gammaproteobacteria
1374,562,Escherichia coli
1576,244366,Klebsiella variicola
1786,543,Enterobacteriaceae
2172,91347,Enterobacterales
2300,562,Escherichia coli
2658,543,Enterobacteriaceae
2723,562,Escherichia coli
2827,543,Enterobacteriaceae
3235,1236,Gammaproteobacteria
4161,562,Escherichia coli
4185,543,Enterobacteriaceae
4227,562,Escherichia coli
4504,543,Enterobacteriaceae
4512,1236,Gammaproteobacteria
4777,562,Escherichia coli
4795,543,Enterobacteriaceae
4881,543,Enterobacteriaceae
5971,543,Enterobacteriaceae
6700,543,Enterobacteriaceae
6939,1236,Gammaproteobacteria
7487,543,Enterobacteriaceae
9039,561,Escherichia
9079,1236,Gammaproteobacteria
9089,91347,Enterobacterales
9464,543,Enterobacteriaceae
10016,1236,Gammaproteobacteria
11185,543,Enterobacteriaceae
11405,91347,Enterobacterales
11617,543,Enterobacteriaceae
11625,562,Escherichia coli
11792,91347,Enterobacterales
11824,1236,Gammaproteobacteria
12713,543,Enterobacteriaceae
13909,543,Enterobacteriaceae
14787,562,Escherichia coli
14863,1236,Gammaproteobacteria
14883,562,Escherichia coli
15788,543,Enterobacteriaceae
16349,562,Escherichia coli
18257,543,Enterobacteriaceae
18864,562,Escherichia coli
19841,624,Shigella sonnei
20801,562,Escherichia coli
20807,562,Escherichia coli
21191,562,Escherichia coli
22290,1236,Gammaproteobacteria
22966,543,Enterobacteriaceae
24139,562,Escherichia coli
25003,562,Escherichia coli
25417,2773705,Escherichia coli O18ac:H14
29264,562,Escherichia coli
30170,1236,Gammaproteobacteria
NA,0,unclassified
