Node name,taxid,Taxa
166,171549,Bacteroidales
192,165179,Prevotella copri
319,165179,Prevotella copri
446,171549,Bacteroidales
486,165179,Prevotella copri
720,165179,Prevotella copri
742,165179,Prevotella copri
772,171549,Bacteroidales
793,165179,Prevotella copri
811,165179,Prevotella copri
815,976,Bacteroidetes
829,165179,Prevotella copri
894,171549,Bacteroidales
1029,171549,Bacteroidales
1082,171549,Bacteroidales
1217,165179,Prevotella copri
1245,171549,Bacteroidales
1290,171549,Bacteroidales
1291,165179,Prevotella copri
1387,976,Bacteroidetes
1588,171549,Bacteroidales
1924,165179,Prevotella copri
2174,171549,Bacteroidales
2178,165179,Prevotella copri
2229,165179,Prevotella copri
2309,165179,Prevotella copri
2330,165179,Prevotella copri
2352,165179,Prevotella copri
2516,537011,Prevotella copri DSM 18205
2676,165179,Prevotella copri
2707,165179,Prevotella copri
2741,171549,Bacteroidales
2747,838,Prevotella
2869,171549,Bacteroidales
2954,171549,Bacteroidales
2976,537011,Prevotella copri DSM 18205
3062,171549,Bacteroidales
3072,165179,Prevotella copri
3099,165179,Prevotella copri
3115,537011,Prevotella copri DSM 18205
3124,171549,Bacteroidales
3127,537011,Prevotella copri DSM 18205
3235,171549,Bacteroidales
3370,165179,Prevotella copri
3378,165179,Prevotella copri
3502,171549,Bacteroidales
3657,165179,Prevotella copri
3659,165179,Prevotella copri
3688,165179,Prevotella copri
3700,171549,Bacteroidales
3732,537011,Prevotella copri DSM 18205
3838,537011,Prevotella copri DSM 18205
3950,171549,Bacteroidales
4071,976,Bacteroidetes
4108,171549,Bacteroidales
4182,537011,Prevotella copri DSM 18205
4395,171549,Bacteroidales
4401,171549,Bacteroidales
4488,165179,Prevotella copri
4572,537011,Prevotella copri DSM 18205
4574,171549,Bacteroidales
4597,165179,Prevotella copri
4628,171549,Bacteroidales
4647,537011,Prevotella copri DSM 18205
4760,537011,Prevotella copri DSM 18205
5149,165179,Prevotella copri
5153,165179,Prevotella copri
5299,165179,Prevotella copri
5377,537011,Prevotella copri DSM 18205
5417,165179,Prevotella copri
5427,171549,Bacteroidales
5632,165179,Prevotella copri
5775,171549,Bacteroidales
5968,171549,Bacteroidales
6003,537011,Prevotella copri DSM 18205
6183,537011,Prevotella copri DSM 18205
6255,165179,Prevotella copri
6468,165179,Prevotella copri
6648,171549,Bacteroidales
6840,165179,Prevotella copri
6851,165179,Prevotella copri
6868,171549,Bacteroidales
6876,171549,Bacteroidales
6921,165179,Prevotella copri
6961,537011,Prevotella copri DSM 18205
7047,165179,Prevotella copri
7113,165179,Prevotella copri
7119,537011,Prevotella copri DSM 18205
7222,537011,Prevotella copri DSM 18205
7233,171549,Bacteroidales
7310,171549,Bacteroidales
7340,329854,Bacteroides intestinalis
7348,165179,Prevotella copri
7463,171549,Bacteroidales
7474,171549,Bacteroidales
7690,537011,Prevotella copri DSM 18205
7812,976,Bacteroidetes
7986,165179,Prevotella copri
8010,976,Bacteroidetes
8437,165179,Prevotella copri
8525,537011,Prevotella copri DSM 18205
8656,171549,Bacteroidales
8750,171549,Bacteroidales
8768,171549,Bacteroidales
9191,171549,Bacteroidales
9213,171549,Bacteroidales
9332,537011,Prevotella copri DSM 18205
9359,537011,Prevotella copri DSM 18205
9595,171549,Bacteroidales
9624,171549,Bacteroidales
9685,171549,Bacteroidales
9870,165179,Prevotella copri
9925,165179,Prevotella copri
10012,171549,Bacteroidales
10081,171549,Bacteroidales
10253,165179,Prevotella copri
10325,171549,Bacteroidales
10444,165179,Prevotella copri
10507,165179,Prevotella copri
10594,165179,Prevotella copri
10720,537011,Prevotella copri DSM 18205
10735,165179,Prevotella copri
10743,165179,Prevotella copri
11061,165179,Prevotella copri
11089,537011,Prevotella copri DSM 18205
11116,165179,Prevotella copri
11233,171549,Bacteroidales
11326,976,Bacteroidetes
11389,165179,Prevotella copri
11805,171549,Bacteroidales
11841,537011,Prevotella copri DSM 18205
12053,171549,Bacteroidales
12302,171549,Bacteroidales
12364,537011,Prevotella copri DSM 18205
12609,537011,Prevotella copri DSM 18205
12698,171549,Bacteroidales
12859,171549,Bacteroidales
12924,976,Bacteroidetes
12983,537011,Prevotella copri DSM 18205
12987,165179,Prevotella copri
13126,171549,Bacteroidales
13134,171549,Bacteroidales
13199,171549,Bacteroidales
13232,165179,Prevotella copri
13379,165179,Prevotella copri
13473,537011,Prevotella copri DSM 18205
13477,537011,Prevotella copri DSM 18205
13552,165179,Prevotella copri
13997,165179,Prevotella copri
14204,165179,Prevotella copri
14207,537011,Prevotella copri DSM 18205
14610,165179,Prevotella copri
14755,165179,Prevotella copri
15295,165179,Prevotella copri
15414,171549,Bacteroidales
15431,171549,Bacteroidales
15710,165179,Prevotella copri
16126,165179,Prevotella copri
16145,165179,Prevotella copri
16447,171549,Bacteroidales
16735,165179,Prevotella copri
16768,171549,Bacteroidales
16842,171549,Bacteroidales
17145,165179,Prevotella copri
17190,165179,Prevotella copri
17199,537011,Prevotella copri DSM 18205
17420,165179,Prevotella copri
17443,165179,Prevotella copri
17612,165179,Prevotella copri
17679,165179,Prevotella copri
17949,171549,Bacteroidales
19216,165179,Prevotella copri
19640,171549,Bacteroidales
19999,171549,Bacteroidales
20004,537011,Prevotella copri DSM 18205
20074,165179,Prevotella copri
20091,375288,Parabacteroides
20113,537011,Prevotella copri DSM 18205
20256,537011,Prevotella copri DSM 18205
20295,171549,Bacteroidales
20720,165179,Prevotella copri
21137,171549,Bacteroidales
21155,171549,Bacteroidales
21528,165179,Prevotella copri
22460,165179,Prevotella copri
23059,171549,Bacteroidales
23813,171549,Bacteroidales
24362,165179,Prevotella copri
24771,46503,Parabacteroides merdae
24894,171549,Bacteroidales
25517,165179,Prevotella copri
26145,165179,Prevotella copri
NA,0,unclassified
