Node name,taxid,Taxa
109,186802,Eubacteriales
115,186802,Eubacteriales
210,186802,Eubacteriales
328,2,Bacteria
406,2,Bacteria
461,216851,Faecalibacterium
572,1352,Enterococcus faecium
876,2841528,Eubacterium sp. MSJ-33
915,2929492,Faecalibacterium sp. I3333
1009,186802,Eubacteriales
1202,128827,Erysipelotrichaceae
1277,186802,Eubacteriales
1407,1352,Enterococcus faecium
1463,1239,Firmicutes
1630,2,Bacteria
1851,1496,Clostridioides difficile
2213,186802,Eubacteriales
2269,186802,Eubacteriales
2284,1239,Firmicutes
2334,186802,Eubacteriales
2347,2841528,Eubacterium sp. MSJ-33
2357,2841528,Eubacterium sp. MSJ-33
2398,186802,Eubacteriales
2890,1912897,Blautia argi
3144,186802,Eubacteriales
3160,186803,Lachnospiraceae
3197,186802,Eubacteriales
3204,186802,Eubacteriales
3399,186802,Eubacteriales
3413,186803,Lachnospiraceae
3633,186802,Eubacteriales
3766,2929494,Faecalibacterium sp. I4179
3824,657314,Blautia obeum A2-162
4448,1239,Firmicutes
4508,186803,Lachnospiraceae
4780,186802,Eubacteriales
4899,186802,Eubacteriales
5098,1239,Firmicutes
5222,186802,Eubacteriales
5298,186802,Eubacteriales
5321,186802,Eubacteriales
5357,1547,Erysipelatoclostridium ramosum
5483,1239,Firmicutes
5836,2841528,Eubacterium sp. MSJ-33
5926,1496,Clostridioides difficile
6114,186802,Eubacteriales
6168,186802,Eubacteriales
6265,1239,Firmicutes
6401,2841528,Eubacterium sp. MSJ-33
6508,1239,Firmicutes
6922,186802,Eubacteriales
6941,546871,Friedmanniella luteola
7003,186802,Eubacteriales
7051,186802,Eubacteriales
7138,1496,Clostridioides difficile
7270,186802,Eubacteriales
7349,186803,Lachnospiraceae
7422,216851,Faecalibacterium
7653,657314,Blautia obeum A2-162
7790,186802,Eubacteriales
7850,186802,Eubacteriales
8454,186802,Eubacteriales
8504,841,Roseburia
8581,1239,Firmicutes
8715,186802,Eubacteriales
8765,186802,Eubacteriales
8871,28026,Bifidobacterium pseudocatenulatum
9141,186802,Eubacteriales
9212,186803,Lachnospiraceae
9246,186803,Lachnospiraceae
9277,2841528,Eubacterium sp. MSJ-33
9544,186802,Eubacteriales
9814,2714358,Pusillibacter faecalis
10071,186802,Eubacteriales
10136,186803,Lachnospiraceae
10166,1496,Clostridioides difficile
10197,1496,Clostridioides difficile
10365,1239,Firmicutes
10400,2763062,Roseburia sp. NSJ-69
10998,2763670,Wujia chipingensis
11086,186802,Eubacteriales
11091,186803,Lachnospiraceae
11409,1496,Clostridioides difficile
11520,186802,Eubacteriales
11607,186802,Eubacteriales
11820,2841528,Eubacterium sp. MSJ-33
11837,186802,Eubacteriales
12003,1239,Firmicutes
12571,186802,Eubacteriales
12836,186802,Eubacteriales
12926,2841528,Eubacterium sp. MSJ-33
12952,1796616,Blautia pseudococcoides
13109,186802,Eubacteriales
13195,186802,Eubacteriales
13319,186802,Eubacteriales
14393,186802,Eubacteriales
14466,186802,Eubacteriales
15140,2,Bacteria
15509,186803,Lachnospiraceae
16077,186802,Eubacteriales
16468,186802,Eubacteriales
17478,1239,Firmicutes
17479,2841528,Eubacterium sp. MSJ-33
17481,2,Bacteria
17776,186803,Lachnospiraceae
17807,186803,Lachnospiraceae
17986,186802,Eubacteriales
18589,1239,Firmicutes
18698,186802,Eubacteriales
19605,186802,Eubacteriales
19844,186802,Eubacteriales
20048,186803,Lachnospiraceae
20363,2,Bacteria
20694,186802,Eubacteriales
20797,186802,Eubacteriales
21362,1783272,Terrabacteria group
21526,1239,Firmicutes
22077,186803,Lachnospiraceae
22281,186803,Lachnospiraceae
22454,718255,Roseburia intestinalis XB6B4
23102,186802,Eubacteriales
23516,186802,Eubacteriales
23816,841,Roseburia
24970,841,Roseburia
25313,1239,Firmicutes
NA,0,unclassified
