Node name,taxid,Taxa
517,166486,Roseburia intestinalis
797,166486,Roseburia intestinalis
1075,166486,Roseburia intestinalis
1176,718255,Roseburia intestinalis XB6B4
1276,853,Faecalibacterium prausnitzii
1798,718255,Roseburia intestinalis XB6B4
1814,1307,Streptococcus suis
1826,657313,[Ruminococcus] torques L2-14
1879,2929494,Faecalibacterium sp. I4179
2254,841,Roseburia
2807,186826,Lactobacillales
3039,84030,Lacrimispora saccharolytica
3069,194,Campylobacter
3516,186803,Lachnospiraceae
4048,1326,Streptococcus acidominimus
4232,853,Faecalibacterium prausnitzii
4464,208479,Enterocloster bolteae
5204,39485,Lachnospira eligens
5290,208479,Enterocloster bolteae
5393,2086585,Christensenella sp. Marseille-P3954
5421,186803,Lachnospiraceae
5875,1796620,Acutalibacter muris
6147,1307,Streptococcus suis
6910,1496,Clostridioides difficile
7070,186803,Lachnospiraceae
7223,1852373,Murdochiella vaginalis
7537,186803,Lachnospiraceae
7545,515622,Butyrivibrio proteoclasticus B316
7693,1229621,Anaerostipes rhamnosivorans
8196,1737424,Blautia massiliensis
8198,1496,Clostridioides difficile
8273,186803,Lachnospiraceae
8389,186803,Lachnospiraceae
8440,208479,Enterocloster bolteae
8798,186803,Lachnospiraceae
8816,1852373,Murdochiella vaginalis
8945,39488,Anaerobutyricum hallii
9083,186803,Lachnospiraceae
9111,1496,Clostridioides difficile
9552,2763670,Wujia chipingensis
9628,1326,Streptococcus acidominimus
9850,186803,Lachnospiraceae
10487,166486,Roseburia intestinalis
11053,1852373,Murdochiella vaginalis
11171,2714353,Vescimonas fastidiosa
11412,1496,Clostridioides difficile
12113,1326,Streptococcus acidominimus
12813,208479,Enterocloster bolteae
12827,1229621,Anaerostipes rhamnosivorans
12884,84030,Lacrimispora saccharolytica
13209,84030,Lacrimispora saccharolytica
13213,84030,Lacrimispora saccharolytica
14308,853,Faecalibacterium prausnitzii
14925,39485,Lachnospira eligens
14984,717960,Faecalitalea cylindroides T2-87
15280,841,Roseburia
15743,1737424,Blautia massiliensis
15757,39488,Anaerobutyricum hallii
16540,1981510,Monoglobus pectinilyticus
16552,186803,Lachnospiraceae
17362,186803,Lachnospiraceae
17683,39488,Anaerobutyricum hallii
18043,39488,Anaerobutyricum hallii
18482,841,Roseburia
19605,186803,Lachnospiraceae
20697,2929494,Faecalibacterium sp. I4179
21174,208479,Enterocloster bolteae
21877,2763670,Wujia chipingensis
22470,186803,Lachnospiraceae
23869,853,Faecalibacterium prausnitzii
24418,2763670,Wujia chipingensis
25261,2763672,Simiaoa sunii
28231,536231,Roseburia intestinalis L1-82
28455,186803,Lachnospiraceae
28498,194,Campylobacter
29040,1229621,Anaerostipes rhamnosivorans
29603,1522,[Clostridium] innocuum
31536,1796620,Acutalibacter muris
33592,1852373,Murdochiella vaginalis
NA,0,unclassified
