Node name,taxid,Taxa
138,2583452,Amedibacterium intestinale
600,186802,Eubacteriales
673,1326,Streptococcus acidominimus
755,186802,Eubacteriales
783,1326,Streptococcus acidominimus
889,536231,Roseburia intestinalis L1-82
997,1326,Streptococcus acidominimus
1009,186803,Lachnospiraceae
1041,1326,Streptococcus acidominimus
1094,1522,[Clostridium] innocuum
1180,853,Faecalibacterium prausnitzii
1255,1522,[Clostridium] innocuum
1302,1737424,Blautia massiliensis
1306,186802,Eubacteriales
1361,186802,Eubacteriales
1379,186802,Eubacteriales
1392,186802,Eubacteriales
1484,186802,Eubacteriales
1521,186802,Eubacteriales
1572,536231,Roseburia intestinalis L1-82
1737,1522,[Clostridium] innocuum
2244,1301,Streptococcus
2359,208479,Enterocloster bolteae
2669,216851,Faecalibacterium
3355,186802,Eubacteriales
3563,208479,Enterocloster bolteae
3668,1326,Streptococcus acidominimus
3752,1522,[Clostridium] innocuum
3824,186802,Eubacteriales
3846,536231,Roseburia intestinalis L1-82
3861,1522,[Clostridium] innocuum
3998,1326,Streptococcus acidominimus
4066,853,Faecalibacterium prausnitzii
4174,186802,Eubacteriales
4197,2086584,Massilistercora timonensis
4282,1326,Streptococcus acidominimus
4452,1522,[Clostridium] innocuum
4789,1522,[Clostridium] innocuum
4824,1522,[Clostridium] innocuum
4932,208479,Enterocloster bolteae
5110,2823316,Faecalicatena sp. Marseille-Q4148
5170,186802,Eubacteriales
5222,1326,Streptococcus acidominimus
5316,1496,Clostridioides difficile
5486,186802,Eubacteriales
5500,186802,Eubacteriales
5631,1522,[Clostridium] innocuum
5931,1326,Streptococcus acidominimus
6255,169435,Anaerotruncus colihominis
6261,657322,Faecalibacterium prausnitzii SL3/3
6309,186802,Eubacteriales
6378,186802,Eubacteriales
6420,1522,[Clostridium] innocuum
6626,1326,Streptococcus acidominimus
6641,1852373,Murdochiella vaginalis
6704,216572,Oscillospiraceae
6722,86332,Mogibacterium pumilum
6977,186803,Lachnospiraceae
7292,186802,Eubacteriales
7461,1522,[Clostridium] innocuum
7538,1496,Clostridioides difficile
7593,186802,Eubacteriales
7626,853,Faecalibacterium prausnitzii
7703,1301,Streptococcus
7772,1326,Streptococcus acidominimus
7828,29347,[Clostridium] scindens
8014,169435,Anaerotruncus colihominis
8068,186803,Lachnospiraceae
8200,186802,Eubacteriales
8443,1326,Streptococcus acidominimus
8693,186802,Eubacteriales
8831,186802,Eubacteriales
8862,1326,Streptococcus acidominimus
8929,1326,Streptococcus acidominimus
9257,186802,Eubacteriales
9264,292800,Flavonifractor plautii
9349,1522,[Clostridium] innocuum
9563,853,Faecalibacterium prausnitzii
9734,186802,Eubacteriales
9882,1522,[Clostridium] innocuum
9976,1522,[Clostridium] innocuum
10199,1852373,Murdochiella vaginalis
10217,536231,Roseburia intestinalis L1-82
10317,2714353,Vescimonas fastidiosa
10331,186802,Eubacteriales
10350,1326,Streptococcus acidominimus
10502,853,Faecalibacterium prausnitzii
10520,1496,Clostridioides difficile
10645,208479,Enterocloster bolteae
10800,186802,Eubacteriales
11129,1326,Streptococcus acidominimus
11172,186802,Eubacteriales
11176,186802,Eubacteriales
11230,1326,Streptococcus acidominimus
11426,2714358,Pusillibacter faecalis
11489,186802,Eubacteriales
11917,1522,[Clostridium] innocuum
12009,186803,Lachnospiraceae
12544,2714353,Vescimonas fastidiosa
12640,186802,Eubacteriales
12738,1522,[Clostridium] innocuum
12873,1522,[Clostridium] innocuum
12913,292800,Flavonifractor plautii
12917,1326,Streptococcus acidominimus
12931,718252,Faecalibacterium prausnitzii L2-6
12993,186802,Eubacteriales
13012,186803,Lachnospiraceae
13057,1229621,Anaerostipes rhamnosivorans
13082,216572,Oscillospiraceae
13367,186802,Eubacteriales
13637,186802,Eubacteriales
13811,186802,Eubacteriales
13985,1326,Streptococcus acidominimus
14366,29347,[Clostridium] scindens
14934,853,Faecalibacterium prausnitzii
15271,1522,[Clostridium] innocuum
15591,1326,Streptococcus acidominimus
15760,853,Faecalibacterium prausnitzii
15938,186802,Eubacteriales
16147,1522,[Clostridium] innocuum
16173,1326,Streptococcus acidominimus
16476,1496,Clostridioides difficile
16789,1326,Streptococcus acidominimus
16814,186802,Eubacteriales
16979,1522,[Clostridium] innocuum
17162,1522,[Clostridium] innocuum
17180,718252,Faecalibacterium prausnitzii L2-6
17225,536231,Roseburia intestinalis L1-82
17531,2929495,Faecalibacterium sp. I4384
17774,2086584,Massilistercora timonensis
17779,1326,Streptococcus acidominimus
18756,536231,Roseburia intestinalis L1-82
19441,1522,[Clostridium] innocuum
19586,1522,[Clostridium] innocuum
19633,1496,Clostridioides difficile
19682,208479,Enterocloster bolteae
19721,1522,[Clostridium] innocuum
20300,1340,Streptococcus porcinus
20457,216572,Oscillospiraceae
21798,853,Faecalibacterium prausnitzii
22052,186802,Eubacteriales
22326,186802,Eubacteriales
22430,186802,Eubacteriales
22462,1496,Clostridioides difficile
22500,186802,Eubacteriales
23551,186802,Eubacteriales
23876,186802,Eubacteriales
23966,1326,Streptococcus acidominimus
26221,536231,Roseburia intestinalis L1-82
26531,1522,[Clostridium] innocuum
26797,1522,[Clostridium] innocuum
28262,1522,[Clostridium] innocuum
NA,0,unclassified
