Node name,taxid,Taxa
40,817,Bacteroides fragilis
99,171549,Bacteroidales
101,171549,Bacteroidales
141,171549,Bacteroidales
253,717959,Alistipes shahii WAL 8301
609,171549,Bacteroidales
643,171549,Bacteroidales
924,171549,Bacteroidales
939,171549,Bacteroidales
1047,171549,Bacteroidales
1063,171549,Bacteroidales
1276,171549,Bacteroidales
1294,626932,Alistipes indistinctus
1310,817,Bacteroides fragilis
1351,171549,Bacteroidales
1708,171549,Bacteroidales
1793,171549,Bacteroidales
1893,171549,Bacteroidales
2051,322095,Porphyromonas somerae
2094,171549,Bacteroidales
2237,171549,Bacteroidales
2259,171549,Bacteroidales
2431,171549,Bacteroidales
2478,171549,Bacteroidales
2737,165179,Prevotella copri
2761,171549,Bacteroidales
2932,171549,Bacteroidales
2960,171549,Bacteroidales
3480,165179,Prevotella copri
3781,171549,Bacteroidales
3903,817,Bacteroides fragilis
3944,171549,Bacteroidales
3966,815,Bacteroidaceae
4168,171549,Bacteroidales
4377,2913617,Prevotella sp. E13-3
4482,171549,Bacteroidales
4688,28132,Prevotella melaninogenica
4703,817,Bacteroides fragilis
4986,165179,Prevotella copri
5240,817,Bacteroides fragilis
5296,171549,Bacteroidales
5311,171549,Bacteroidales
5317,815,Bacteroidaceae
5626,817,Bacteroides fragilis
5666,171549,Bacteroidales
5762,165179,Prevotella copri
6377,817,Bacteroides fragilis
6383,171549,Bacteroidales
6401,165179,Prevotella copri
6478,171549,Bacteroidales
6591,171549,Bacteroidales
6593,165179,Prevotella copri
6841,171549,Bacteroidales
7004,165179,Prevotella copri
7074,171549,Bacteroidales
7092,537011,Prevotella copri DSM 18205
7421,171549,Bacteroidales
7928,165179,Prevotella copri
8284,171549,Bacteroidales
8467,165179,Prevotella copri
8471,171549,Bacteroidales
8608,171549,Bacteroidales
8867,171549,Bacteroidales
8876,817,Bacteroides fragilis
9095,537011,Prevotella copri DSM 18205
9099,165179,Prevotella copri
9301,171549,Bacteroidales
9455,171549,Bacteroidales
9683,817,Bacteroides fragilis
10124,171549,Bacteroidales
10350,817,Bacteroides fragilis
10366,171549,Bacteroidales
10532,171549,Bacteroidales
10791,2530390,Muribaculum gordoncarteri
11595,171549,Bacteroidales
11605,171549,Bacteroidales
11621,817,Bacteroides fragilis
11702,171549,Bacteroidales
11741,171549,Bacteroidales
12038,171549,Bacteroidales
12549,171549,Bacteroidales
13795,171549,Bacteroidales
14156,171549,Bacteroidales
14389,171549,Bacteroidales
14420,171549,Bacteroidales
14520,165179,Prevotella copri
14565,165179,Prevotella copri
15032,817,Bacteroides fragilis
15650,171549,Bacteroidales
15957,817,Bacteroides fragilis
16042,2638335,unclassified Prevotella
16282,171549,Bacteroidales
16785,171549,Bacteroidales
16897,171549,Bacteroidales
17062,626932,Alistipes indistinctus
17086,171549,Bacteroidales
17174,171549,Bacteroidales
17215,2530390,Muribaculum gordoncarteri
17708,537011,Prevotella copri DSM 18205
17860,171549,Bacteroidales
18599,171549,Bacteroidales
18796,2913617,Prevotella sp. E13-3
19412,817,Bacteroides fragilis
19467,817,Bacteroides fragilis
20525,165179,Prevotella copri
20767,537011,Prevotella copri DSM 18205
21651,817,Bacteroides fragilis
22501,165179,Prevotella copri
22605,817,Bacteroides fragilis
23107,817,Bacteroides fragilis
23283,171549,Bacteroidales
23758,171549,Bacteroidales
24400,171549,Bacteroidales
NA,0,unclassified
