Node name,taxid,Taxa
520,853,Faecalibacterium prausnitzii
697,1737424,Blautia massiliensis
955,89153,[Clostridium] hylemonae
1058,216572,Oscillospiraceae
1112,1496,Clostridioides difficile
1271,186803,Lachnospiraceae
1342,2086585,Christensenella sp. Marseille-P3954
1415,216851,Faecalibacterium
1980,626937,Christensenella minuta
2137,718252,Faecalibacterium prausnitzii L2-6
2289,2823316,Faecalicatena sp. Marseille-Q4148
2559,2929494,Faecalibacterium sp. I4179
2696,1680,Bifidobacterium adolescentis
3047,718252,Faecalibacterium prausnitzii L2-6
3053,186826,Lactobacillales
3132,2763056,Oscillibacter sp. NSJ-62
3144,1496,Clostridioides difficile
3347,292800,Flavonifractor plautii
3489,2646395,unclassified Faecalibacterium
3509,2714355,Vescimonas coprocola
3542,853,Faecalibacterium prausnitzii
3546,301301,Roseburia hominis
4152,2929494,Faecalibacterium sp. I4179
4193,169435,Anaerotruncus colihominis
4210,2093857,Dysosmobacter welbionis
4496,853,Faecalibacterium prausnitzii
4516,1496,Clostridioides difficile
5650,208479,Enterocloster bolteae
5662,2764325,Eubacterium sp. NSJ-61
5976,216851,Faecalibacterium
5982,1385938,Bifidobacterium breve 12L
6073,626937,Christensenella minuta
6494,216572,Oscillospiraceae
6503,1605,Ligilactobacillus animalis
6508,1301,Streptococcus
6653,1680,Bifidobacterium adolescentis
6815,292800,Flavonifractor plautii
6936,1297617,Intestinimonas butyriciproducens
7052,853,Faecalibacterium prausnitzii
7074,536231,Roseburia intestinalis L1-82
7114,718255,Roseburia intestinalis XB6B4
7300,1496,Clostridioides difficile
7416,2929492,Faecalibacterium sp. I3333
7605,1852373,Murdochiella vaginalis
7661,2929495,Faecalibacterium sp. I4384
7757,2714355,Vescimonas coprocola
7827,536231,Roseburia intestinalis L1-82
7902,2823316,Faecalicatena sp. Marseille-Q4148
7969,292800,Flavonifractor plautii
8016,626937,Christensenella minuta
8034,1522,[Clostridium] innocuum
8469,216572,Oscillospiraceae
8578,1496,Clostridioides difficile
8664,1871021,Lachnoclostridium phocaeense
8808,2929493,Faecalibacterium sp. I3389
8830,29347,[Clostridium] scindens
9348,216851,Faecalibacterium
9559,2929494,Faecalibacterium sp. I4179
9968,2830675,Dysosmobacter sp. Marseille-Q4140
9986,853,Faecalibacterium prausnitzii
10006,1496,Clostridioides difficile
10011,2610895,Flintibacter sp. KGMB00164
10399,29546,Lawsonia intracellularis
10750,2929493,Faecalibacterium sp. I3389
10879,195,Campylobacter coli
10984,853,Faecalibacterium prausnitzii
11025,1496,Clostridioides difficile
11073,216851,Faecalibacterium
11672,2086584,Massilistercora timonensis
11737,216851,Faecalibacterium
11788,2086585,Christensenella sp. Marseille-P3954
11899,1496,Clostridioides difficile
11955,216572,Oscillospiraceae
12058,853,Faecalibacterium prausnitzii
12070,853,Faecalibacterium prausnitzii
12098,216851,Faecalibacterium
12250,216851,Faecalibacterium
12345,216572,Oscillospiraceae
12351,216572,Oscillospiraceae
12488,2929493,Faecalibacterium sp. I3389
12752,186803,Lachnospiraceae
12859,1680,Bifidobacterium adolescentis
13030,1301,Streptococcus
13125,2929495,Faecalibacterium sp. I4384
13205,1680,Bifidobacterium adolescentis
13236,292800,Flavonifractor plautii
14243,626937,Christensenella minuta
14854,2929494,Faecalibacterium sp. I4179
15909,2929494,Faecalibacterium sp. I4179
15912,186803,Lachnospiraceae
16045,1496,Clostridioides difficile
16050,1737424,Blautia massiliensis
16225,186803,Lachnospiraceae
16813,216851,Faecalibacterium
16953,1496,Clostridioides difficile
17030,2929493,Faecalibacterium sp. I3389
17555,216572,Oscillospiraceae
17602,216851,Faecalibacterium
17706,1496,Clostridioides difficile
17777,2763672,Simiaoa sunii
18766,186803,Lachnospiraceae
18868,2823316,Faecalicatena sp. Marseille-Q4148
18890,301301,Roseburia hominis
18987,292800,Flavonifractor plautii
19704,853,Faecalibacterium prausnitzii
19785,216572,Oscillospiraceae
19980,186803,Lachnospiraceae
20069,186803,Lachnospiraceae
20323,216572,Oscillospiraceae
20499,292800,Flavonifractor plautii
20615,216851,Faecalibacterium
21252,186803,Lachnospiraceae
21371,77635,Bifidobacterium subtile
21435,216851,Faecalibacterium
21465,2929493,Faecalibacterium sp. I3389
21488,1737424,Blautia massiliensis
21628,1326,Streptococcus acidominimus
21773,853,Faecalibacterium prausnitzii
21981,216851,Faecalibacterium
22257,626937,Christensenella minuta
22435,537007,Blautia hansenii DSM 20583
22439,28026,Bifidobacterium pseudocatenulatum
22730,208479,Enterocloster bolteae
22842,216572,Oscillospiraceae
23047,1297617,Intestinimonas butyriciproducens
23067,1737424,Blautia massiliensis
23405,1871022,Parolsenella massiliensis
23412,2714355,Vescimonas coprocola
23619,292800,Flavonifractor plautii
23945,1680,Bifidobacterium adolescentis
24145,216572,Oscillospiraceae
24168,216851,Faecalibacterium
24818,2929495,Faecalibacterium sp. I4384
25086,216572,Oscillospiraceae
25174,853,Faecalibacterium prausnitzii
25302,186803,Lachnospiraceae
25505,292800,Flavonifractor plautii
25681,853,Faecalibacterium prausnitzii
26143,1496,Clostridioides difficile
26605,2763672,Simiaoa sunii
26678,1496,Clostridioides difficile
26685,29347,[Clostridium] scindens
26704,626940,Phascolarctobacterium succinatutens
26738,1496,Clostridioides difficile
26771,2714353,Vescimonas fastidiosa
27043,410072,Coprococcus comes
27368,1737424,Blautia massiliensis
27589,2823317,Phascolarctobacterium sp. Marseille-Q4147
27686,853,Faecalibacterium prausnitzii
27730,536231,Roseburia intestinalis L1-82
27801,853,Faecalibacterium prausnitzii
27955,301301,Roseburia hominis
28103,1496,Clostridioides difficile
28129,1682,Bifidobacterium longum subsp. infantis
28445,2929494,Faecalibacterium sp. I4179
28841,2714355,Vescimonas coprocola
29107,536231,Roseburia intestinalis L1-82
29169,216572,Oscillospiraceae
29175,2823316,Faecalicatena sp. Marseille-Q4148
29590,2929494,Faecalibacterium sp. I4179
29909,1326,Streptococcus acidominimus
30493,536231,Roseburia intestinalis L1-82
30687,657322,Faecalibacterium prausnitzii SL3/3
31455,89153,[Clostridium] hylemonae
31534,718252,Faecalibacterium prausnitzii L2-6
31539,853,Faecalibacterium prausnitzii
31567,1496,Clostridioides difficile
32385,2086585,Christensenella sp. Marseille-P3954
32598,1680,Bifidobacterium adolescentis
32657,536231,Roseburia intestinalis L1-82
33217,1737424,Blautia massiliensis
33595,853,Faecalibacterium prausnitzii
33598,89153,[Clostridium] hylemonae
33936,853,Faecalibacterium prausnitzii
34583,2929494,Faecalibacterium sp. I4179
34764,1229621,Anaerostipes rhamnosivorans
34924,186803,Lachnospiraceae
35249,216572,Oscillospiraceae
35255,2929492,Faecalibacterium sp. I3333
35498,2764325,Eubacterium sp. NSJ-61
35678,717960,Faecalitalea cylindroides T2-87
35867,1307,Streptococcus suis
36205,853,Faecalibacterium prausnitzii
36233,186803,Lachnospiraceae
37085,186803,Lachnospiraceae
37095,2929492,Faecalibacterium sp. I3333
37168,2093857,Dysosmobacter welbionis
37664,216851,Faecalibacterium
37924,536231,Roseburia intestinalis L1-82
38203,292800,Flavonifractor plautii
38229,216572,Oscillospiraceae
38266,292800,Flavonifractor plautii
39402,301301,Roseburia hominis
39688,2041044,Eubacterium maltosivorans
39748,1737424,Blautia massiliensis
39797,2086584,Massilistercora timonensis
39929,292800,Flavonifractor plautii
40135,2714355,Vescimonas coprocola
40778,186803,Lachnospiraceae
40852,1680,Bifidobacterium adolescentis
41414,2764325,Eubacterium sp. NSJ-61
41759,626937,Christensenella minuta
43015,116085,Coprococcus catus
43286,411474,Coprococcus eutactus ATCC 27759
43489,853,Faecalibacterium prausnitzii
43748,411486,Clostridium sp. M62/1
43759,216851,Faecalibacterium
43917,2929494,Faecalibacterium sp. I4179
45385,1737424,Blautia massiliensis
45925,1301,Streptococcus
46177,216572,Oscillospiraceae
46194,29347,[Clostridium] scindens
46331,301301,Roseburia hominis
46514,216851,Faecalibacterium
46673,216851,Faecalibacterium
47003,1737424,Blautia massiliensis
47361,1737424,Blautia massiliensis
47631,1661,Trueperella pyogenes
47755,216572,Oscillospiraceae
47777,853,Faecalibacterium prausnitzii
48779,2929495,Faecalibacterium sp. I4384
49148,751585,Coprococcus sp. ART55/1
49163,2929494,Faecalibacterium sp. I4179
49300,2929494,Faecalibacterium sp. I4179
49929,1852373,Murdochiella vaginalis
49956,2929494,Faecalibacterium sp. I4179
50176,853,Faecalibacterium prausnitzii
50298,853,Faecalibacterium prausnitzii
51635,208479,Enterocloster bolteae
52090,216851,Faecalibacterium
52555,208479,Enterocloster bolteae
52697,657322,Faecalibacterium prausnitzii SL3/3
54183,2764325,Eubacterium sp. NSJ-61
55416,166486,Roseburia intestinalis
56452,2929494,Faecalibacterium sp. I4179
57128,292800,Flavonifractor plautii
57509,751585,Coprococcus sp. ART55/1
57739,657314,Blautia obeum A2-162
58031,536231,Roseburia intestinalis L1-82
59665,292800,Flavonifractor plautii
60406,1496,Clostridioides difficile
60440,1871034,Vaginimicrobium propionicum
60954,1297617,Intestinimonas butyriciproducens
61330,1496,Clostridioides difficile
61531,853,Faecalibacterium prausnitzii
61551,1680,Bifidobacterium adolescentis
61787,626937,Christensenella minuta
62488,216851,Faecalibacterium
62646,1297617,Intestinimonas butyriciproducens
62734,853,Faecalibacterium prausnitzii
62883,1496,Clostridioides difficile
64270,292800,Flavonifractor plautii
64301,216851,Faecalibacterium
64430,536231,Roseburia intestinalis L1-82
65186,2823317,Phascolarctobacterium sp. Marseille-Q4147
66745,2929493,Faecalibacterium sp. I3389
67448,1496,Clostridioides difficile
69753,216851,Faecalibacterium
71152,2929493,Faecalibacterium sp. I3389
NA,0,unclassified
