Node name,taxid,Taxa
116,186803,Lachnospiraceae
217,2646395,unclassified Faecalibacterium
336,216851,Faecalibacterium
362,2929494,Faecalibacterium sp. I4179
542,186803,Lachnospiraceae
646,216851,Faecalibacterium
795,186803,Lachnospiraceae
919,216851,Faecalibacterium
948,853,Faecalibacterium prausnitzii
976,2929494,Faecalibacterium sp. I4179
1086,2763672,Simiaoa sunii
1113,216851,Faecalibacterium
1127,853,Faecalibacterium prausnitzii
1216,2646395,unclassified Faecalibacterium
1221,216851,Faecalibacterium
1248,186803,Lachnospiraceae
1258,718252,Faecalibacterium prausnitzii L2-6
1345,216851,Faecalibacterium
1469,411486,Clostridium sp. M62/1
1520,186803,Lachnospiraceae
1766,2763672,Simiaoa sunii
1813,2929489,Faecalibacterium sp. IP329
1845,216851,Faecalibacterium
1939,2929495,Faecalibacterium sp. I4384
1970,186803,Lachnospiraceae
1975,186826,Lactobacillales
2325,216851,Faecalibacterium
2608,853,Faecalibacterium prausnitzii
2878,853,Faecalibacterium prausnitzii
2956,186803,Lachnospiraceae
2977,853,Faecalibacterium prausnitzii
2986,166486,Roseburia intestinalis
3116,2929489,Faecalibacterium sp. IP329
3135,841,Roseburia
3141,2763672,Simiaoa sunii
3540,84030,Lacrimispora saccharolytica
3591,186803,Lachnospiraceae
3646,208479,Enterocloster bolteae
3679,1605,Ligilactobacillus animalis
3782,2929493,Faecalibacterium sp. I3389
3819,216851,Faecalibacterium
3961,1496,Clostridioides difficile
3978,216851,Faecalibacterium
4046,216851,Faecalibacterium
4213,2929494,Faecalibacterium sp. I4179
4229,657322,Faecalibacterium prausnitzii SL3/3
4239,718252,Faecalibacterium prausnitzii L2-6
4260,2929492,Faecalibacterium sp. I3333
4286,186803,Lachnospiraceae
4305,166486,Roseburia intestinalis
4307,166486,Roseburia intestinalis
4427,853,Faecalibacterium prausnitzii
4548,216851,Faecalibacterium
4752,2763672,Simiaoa sunii
5013,1852373,Murdochiella vaginalis
5068,86332,Mogibacterium pumilum
5097,853,Faecalibacterium prausnitzii
5131,853,Faecalibacterium prausnitzii
5177,536231,Roseburia intestinalis L1-82
5318,410072,Coprococcus comes
5374,1496,Clostridioides difficile
5418,1496,Clostridioides difficile
5558,841,Roseburia
5736,1496,Clostridioides difficile
5912,29347,[Clostridium] scindens
5938,208479,Enterocloster bolteae
6142,2929494,Faecalibacterium sp. I4179
6252,853,Faecalibacterium prausnitzii
6291,216851,Faecalibacterium
6298,657322,Faecalibacterium prausnitzii SL3/3
6455,1496,Clostridioides difficile
6508,2929490,Faecalibacterium sp. I2392
6566,2929491,Faecalibacterium sp. HTFF
6693,853,Faecalibacterium prausnitzii
6767,186803,Lachnospiraceae
6781,718255,Roseburia intestinalis XB6B4
6834,216851,Faecalibacterium
7150,853,Faecalibacterium prausnitzii
7172,657322,Faecalibacterium prausnitzii SL3/3
7340,411486,Clostridium sp. M62/1
7452,853,Faecalibacterium prausnitzii
7719,216851,Faecalibacterium
7737,2763672,Simiaoa sunii
7816,2646395,unclassified Faecalibacterium
7856,2086584,Massilistercora timonensis
7892,853,Faecalibacterium prausnitzii
8040,186803,Lachnospiraceae
8160,1496,Clostridioides difficile
8193,216851,Faecalibacterium
8405,841,Roseburia
8436,216851,Faecalibacterium
8507,2929493,Faecalibacterium sp. I3389
8796,216851,Faecalibacterium
8797,186803,Lachnospiraceae
8803,841,Roseburia
8988,166486,Roseburia intestinalis
9073,853,Faecalibacterium prausnitzii
9435,411486,Clostridium sp. M62/1
9546,186803,Lachnospiraceae
9594,853,Faecalibacterium prausnitzii
9650,216851,Faecalibacterium
9704,2929492,Faecalibacterium sp. I3333
9945,853,Faecalibacterium prausnitzii
10171,853,Faecalibacterium prausnitzii
10239,1229621,Anaerostipes rhamnosivorans
10334,2929494,Faecalibacterium sp. I4179
10352,2929494,Faecalibacterium sp. I4179
10406,2763667,Wansuia hejianensis
10886,853,Faecalibacterium prausnitzii
10964,216851,Faecalibacterium
10992,841,Roseburia
11235,166486,Roseburia intestinalis
11293,166486,Roseburia intestinalis
11310,841,Roseburia
11474,2929492,Faecalibacterium sp. I3333
11755,216851,Faecalibacterium
11960,1737424,Blautia massiliensis
12183,853,Faecalibacterium prausnitzii
12206,216851,Faecalibacterium
12217,841,Roseburia
12383,853,Faecalibacterium prausnitzii
12403,301301,Roseburia hominis
12564,2929489,Faecalibacterium sp. IP329
12646,216851,Faecalibacterium
12798,186803,Lachnospiraceae
13042,2763672,Simiaoa sunii
13080,216851,Faecalibacterium
13413,411486,Clostridium sp. M62/1
13528,216851,Faecalibacterium
13797,853,Faecalibacterium prausnitzii
13803,216851,Faecalibacterium
14126,186803,Lachnospiraceae
14138,2929494,Faecalibacterium sp. I4179
14250,2929493,Faecalibacterium sp. I3389
14331,411486,Clostridium sp. M62/1
14517,216851,Faecalibacterium
14537,2929495,Faecalibacterium sp. I4384
14796,1326,Streptococcus acidominimus
14864,216851,Faecalibacterium
14915,216851,Faecalibacterium
15108,216851,Faecalibacterium
15406,216851,Faecalibacterium
15425,216851,Faecalibacterium
15483,2929489,Faecalibacterium sp. IP329
15534,2929494,Faecalibacterium sp. I4179
15538,208479,Enterocloster bolteae
15651,2929494,Faecalibacterium sp. I4179
15702,853,Faecalibacterium prausnitzii
15725,216851,Faecalibacterium
15851,853,Faecalibacterium prausnitzii
15874,216851,Faecalibacterium
16438,216851,Faecalibacterium
16658,216851,Faecalibacterium
16688,216851,Faecalibacterium
17228,216851,Faecalibacterium
17306,166486,Roseburia intestinalis
17336,166486,Roseburia intestinalis
17530,2763672,Simiaoa sunii
17599,216851,Faecalibacterium
17664,2763672,Simiaoa sunii
17814,216851,Faecalibacterium
17836,216851,Faecalibacterium
17855,411486,Clostridium sp. M62/1
17858,1496,Clostridioides difficile
18021,411486,Clostridium sp. M62/1
18083,216851,Faecalibacterium
18171,2714353,Vescimonas fastidiosa
18192,216851,Faecalibacterium
18466,853,Faecalibacterium prausnitzii
18616,853,Faecalibacterium prausnitzii
18729,2929494,Faecalibacterium sp. I4179
18822,536231,Roseburia intestinalis L1-82
18885,853,Faecalibacterium prausnitzii
18988,216851,Faecalibacterium
19031,2763062,Roseburia sp. NSJ-69
19323,2929492,Faecalibacterium sp. I3333
19339,216851,Faecalibacterium
19345,2929494,Faecalibacterium sp. I4179
19624,2929492,Faecalibacterium sp. I3333
19650,1496,Clostridioides difficile
19732,84030,Lacrimispora saccharolytica
19763,536231,Roseburia intestinalis L1-82
19898,2929494,Faecalibacterium sp. I4179
20223,166486,Roseburia intestinalis
20337,1326,Streptococcus acidominimus
20542,718252,Faecalibacterium prausnitzii L2-6
20570,216851,Faecalibacterium
20694,2929494,Faecalibacterium sp. I4179
20704,853,Faecalibacterium prausnitzii
20722,2929492,Faecalibacterium sp. I3333
20783,186803,Lachnospiraceae
20895,216851,Faecalibacterium
20994,84030,Lacrimispora saccharolytica
21043,853,Faecalibacterium prausnitzii
21061,2929494,Faecalibacterium sp. I4179
21553,2763062,Roseburia sp. NSJ-69
22174,2763062,Roseburia sp. NSJ-69
22299,536231,Roseburia intestinalis L1-82
22381,216851,Faecalibacterium
22471,853,Faecalibacterium prausnitzii
22552,2929490,Faecalibacterium sp. I2392
22611,853,Faecalibacterium prausnitzii
22665,853,Faecalibacterium prausnitzii
22828,2929492,Faecalibacterium sp. I3333
22983,216851,Faecalibacterium
23188,216851,Faecalibacterium
23282,1522,[Clostridium] innocuum
23305,216851,Faecalibacterium
23309,216851,Faecalibacterium
23639,841,Roseburia
23741,39485,Lachnospira eligens
23895,2646395,unclassified Faecalibacterium
24046,853,Faecalibacterium prausnitzii
24186,841,Roseburia
24397,1547,Erysipelatoclostridium ramosum
25589,717960,Faecalitalea cylindroides T2-87
25871,216851,Faecalibacterium
26051,841,Roseburia
26327,208479,Enterocloster bolteae
26687,216851,Faecalibacterium
26907,2929494,Faecalibacterium sp. I4179
27213,2929494,Faecalibacterium sp. I4179
27311,292800,Flavonifractor plautii
27560,1496,Clostridioides difficile
27810,2929494,Faecalibacterium sp. I4179
27887,2929494,Faecalibacterium sp. I4179
27997,657322,Faecalibacterium prausnitzii SL3/3
28040,853,Faecalibacterium prausnitzii
28094,718252,Faecalibacterium prausnitzii L2-6
28330,411486,Clostridium sp. M62/1
29533,2929495,Faecalibacterium sp. I4384
29778,216851,Faecalibacterium
29807,186803,Lachnospiraceae
29883,186803,Lachnospiraceae
30199,216851,Faecalibacterium
30215,2763672,Simiaoa sunii
30665,216851,Faecalibacterium
30757,216851,Faecalibacterium
31337,2763672,Simiaoa sunii
31490,853,Faecalibacterium prausnitzii
31681,216851,Faecalibacterium
31714,216851,Faecalibacterium
32389,2929494,Faecalibacterium sp. I4179
32391,2646395,unclassified Faecalibacterium
32407,853,Faecalibacterium prausnitzii
32421,853,Faecalibacterium prausnitzii
32445,186803,Lachnospiraceae
32487,411486,Clostridium sp. M62/1
32715,216851,Faecalibacterium
33005,2929495,Faecalibacterium sp. I4384
33254,1496,Clostridioides difficile
33350,216851,Faecalibacterium
33372,2929495,Faecalibacterium sp. I4384
33741,1852373,Murdochiella vaginalis
34035,216851,Faecalibacterium
34347,841,Roseburia
34945,208479,Enterocloster bolteae
35418,186803,Lachnospiraceae
35869,841,Roseburia
36217,216851,Faecalibacterium
36268,186803,Lachnospiraceae
36816,2497860,Cellulosilyticum sp. WCF-2
37828,853,Faecalibacterium prausnitzii
37846,216851,Faecalibacterium
38104,2929489,Faecalibacterium sp. IP329
38159,853,Faecalibacterium prausnitzii
39299,536231,Roseburia intestinalis L1-82
39433,718252,Faecalibacterium prausnitzii L2-6
39574,841,Roseburia
40197,2763672,Simiaoa sunii
40922,2763667,Wansuia hejianensis
42438,853,Faecalibacterium prausnitzii
42655,166486,Roseburia intestinalis
42763,39485,Lachnospira eligens
42976,841,Roseburia
43010,2929494,Faecalibacterium sp. I4179
43626,536231,Roseburia intestinalis L1-82
44575,216851,Faecalibacterium
44699,536231,Roseburia intestinalis L1-82
44959,216851,Faecalibacterium
50354,2929494,Faecalibacterium sp. I4179
NA,0,unclassified
