Node name,taxid,Taxa
366,171549,Bacteroidales
444,171549,Bacteroidales
766,171549,Bacteroidales
902,171549,Bacteroidales
1089,171549,Bacteroidales
1203,96345,Flavobacterium psychrophilum
1211,816,Bacteroides
1236,171549,Bacteroidales
1334,171549,Bacteroidales
1700,171549,Bacteroidales
1734,2763022,Bacteroides sp. M10
1931,171549,Bacteroidales
1955,171549,Bacteroidales
2117,322095,Porphyromonas somerae
2178,171549,Bacteroidales
2189,371601,Bacteroides xylanisolvens
2379,717959,Alistipes shahii WAL 8301
2384,1236,Gammaproteobacteria
2442,838,Prevotella
2455,371601,Bacteroides xylanisolvens
2463,816,Bacteroides
2861,171549,Bacteroidales
2868,28127,Prevotella buccalis
2873,816,Bacteroides
3113,371601,Bacteroides xylanisolvens
3177,717959,Alistipes shahii WAL 8301
3278,28127,Prevotella buccalis
3469,171549,Bacteroidales
3508,816,Bacteroides
3549,2763022,Bacteroides sp. M10
3555,371601,Bacteroides xylanisolvens
3607,171549,Bacteroidales
3639,28127,Prevotella buccalis
3856,171549,Bacteroidales
4095,816,Bacteroides
4109,2763022,Bacteroides sp. M10
4183,2763022,Bacteroides sp. M10
4194,2763022,Bacteroides sp. M10
4205,171549,Bacteroidales
4331,816,Bacteroides
4628,171549,Bacteroidales
4809,171549,Bacteroidales
4822,371601,Bacteroides xylanisolvens
5063,171549,Bacteroidales
5145,816,Bacteroides
5212,816,Bacteroides
5463,816,Bacteroides
5480,171549,Bacteroidales
5693,171549,Bacteroidales
5701,171549,Bacteroidales
5709,239759,Alistipes
5713,171549,Bacteroidales
5748,171549,Bacteroidales
5830,816,Bacteroides
5941,171549,Bacteroidales
6028,171549,Bacteroidales
6051,171549,Bacteroidales
6065,171549,Bacteroidales
6073,171549,Bacteroidales
6197,838,Prevotella
6255,239759,Alistipes
6287,2763022,Bacteroides sp. M10
6408,171549,Bacteroidales
6515,717959,Alistipes shahii WAL 8301
6723,1177574,Prevotella jejuni
7148,171549,Bacteroidales
7250,717959,Alistipes shahii WAL 8301
7537,171549,Bacteroidales
7883,838,Prevotella
8671,2763022,Bacteroides sp. M10
8685,717959,Alistipes shahii WAL 8301
8694,2763022,Bacteroides sp. M10
8711,171549,Bacteroidales
8847,816,Bacteroides
8868,171549,Bacteroidales
8928,816,Bacteroides
8969,171549,Bacteroidales
9081,171549,Bacteroidales
9238,171549,Bacteroidales
9242,171549,Bacteroidales
9624,2763022,Bacteroides sp. M10
9742,816,Bacteroides
9849,816,Bacteroides
9857,816,Bacteroides
9901,171549,Bacteroidales
9998,816,Bacteroides
10031,816,Bacteroides
10071,371601,Bacteroides xylanisolvens
10263,171549,Bacteroidales
10268,838,Prevotella
10334,171549,Bacteroidales
10811,171549,Bacteroidales
10840,816,Bacteroides
10921,1177574,Prevotella jejuni
11076,371601,Bacteroides xylanisolvens
11211,2763022,Bacteroides sp. M10
11442,717959,Alistipes shahii WAL 8301
11456,171549,Bacteroidales
11527,171549,Bacteroidales
11877,371601,Bacteroides xylanisolvens
12035,717959,Alistipes shahii WAL 8301
12076,171549,Bacteroidales
12186,171549,Bacteroidales
12207,717959,Alistipes shahii WAL 8301
12362,717959,Alistipes shahii WAL 8301
12826,371601,Bacteroides xylanisolvens
12906,820,Bacteroides uniformis
12915,171549,Bacteroidales
13062,357276,Phocaeicola dorei
13112,717959,Alistipes shahii WAL 8301
13403,816,Bacteroides
13429,171549,Bacteroidales
13668,2763022,Bacteroides sp. M10
13783,171549,Bacteroidales
13872,2763022,Bacteroides sp. M10
13968,171549,Bacteroidales
13992,2763022,Bacteroides sp. M10
14035,371601,Bacteroides xylanisolvens
14043,816,Bacteroides
14127,171549,Bacteroidales
14172,171549,Bacteroidales
14241,816,Bacteroides
14615,171549,Bacteroidales
15335,171549,Bacteroidales
15353,838,Prevotella
15385,171549,Bacteroidales
16052,717959,Alistipes shahii WAL 8301
16379,171549,Bacteroidales
16649,816,Bacteroides
17860,816,Bacteroides
17893,171549,Bacteroidales
17981,28127,Prevotella buccalis
17985,2763022,Bacteroides sp. M10
17987,171549,Bacteroidales
18235,816,Bacteroides
18388,171549,Bacteroidales
18485,1177574,Prevotella jejuni
18492,371601,Bacteroides xylanisolvens
18493,171549,Bacteroidales
18555,171549,Bacteroidales
18663,171549,Bacteroidales
19027,171549,Bacteroidales
19076,171549,Bacteroidales
19345,171549,Bacteroidales
20398,171549,Bacteroidales
20482,717959,Alistipes shahii WAL 8301
20521,717959,Alistipes shahii WAL 8301
20868,171549,Bacteroidales
21168,171549,Bacteroidales
21207,371601,Bacteroides xylanisolvens
21249,816,Bacteroides
21698,2763022,Bacteroides sp. M10
22116,171549,Bacteroidales
22323,816,Bacteroides
22569,171549,Bacteroidales
23312,717959,Alistipes shahii WAL 8301
23816,717959,Alistipes shahii WAL 8301
23944,2763022,Bacteroides sp. M10
24551,171549,Bacteroidales
24769,816,Bacteroides
25182,171549,Bacteroidales
25891,171549,Bacteroidales
26260,171549,Bacteroidales
27097,371601,Bacteroides xylanisolvens
NA,0,unclassified
