Node name,taxid,Taxa
137,536231,Roseburia intestinalis L1-82
144,2763670,Wujia chipingensis
937,186803,Lachnospiraceae
1023,751585,Coprococcus sp. ART55/1
1248,536231,Roseburia intestinalis L1-82
1306,717960,Faecalitalea cylindroides T2-87
1943,2479767,Blautia sp. SC05B48
2657,39488,Anaerobutyricum hallii
3535,1522,[Clostridium] innocuum
3544,33038,[Ruminococcus] gnavus
3768,1352,Enterococcus faecium
3825,84030,Lacrimispora saccharolytica
4315,208479,Enterocloster bolteae
4403,410072,Coprococcus comes
4409,410072,Coprococcus comes
4540,84030,Lacrimispora saccharolytica
4978,166486,Roseburia intestinalis
5184,1326,Streptococcus acidominimus
5352,39488,Anaerobutyricum hallii
6659,186803,Lachnospiraceae
6663,717960,Faecalitalea cylindroides T2-87
7044,1912897,Blautia argi
7345,410072,Coprococcus comes
7646,1912897,Blautia argi
7953,39488,Anaerobutyricum hallii
8083,186803,Lachnospiraceae
9087,561,Escherichia
9405,1229621,Anaerostipes rhamnosivorans
10745,186803,Lachnospiraceae
10870,1852373,Murdochiella vaginalis
12117,186803,Lachnospiraceae
12566,39488,Anaerobutyricum hallii
12678,194,Campylobacter
14378,572511,Blautia
14503,186803,Lachnospiraceae
16174,39488,Anaerobutyricum hallii
16383,572511,Blautia
16514,410072,Coprococcus comes
17981,410072,Coprococcus comes
18568,1326,Streptococcus acidominimus
19385,39488,Anaerobutyricum hallii
20437,1301,Streptococcus
21106,572511,Blautia
21975,39488,Anaerobutyricum hallii
NA,0,unclassified
