Node name,taxid,Taxa
159,1522,[Clostridium] innocuum
218,2763672,Simiaoa sunii
345,186802,Eubacteriales
429,186802,Eubacteriales
436,186802,Eubacteriales
448,216572,Oscillospiraceae
457,718252,Faecalibacterium prausnitzii L2-6
490,186802,Eubacteriales
496,186802,Eubacteriales
565,1496,Clostridioides difficile
665,853,Faecalibacterium prausnitzii
677,853,Faecalibacterium prausnitzii
700,216572,Oscillospiraceae
701,853,Faecalibacterium prausnitzii
728,292800,Flavonifractor plautii
804,186802,Eubacteriales
822,853,Faecalibacterium prausnitzii
832,216851,Faecalibacterium
847,2714353,Vescimonas fastidiosa
904,2714353,Vescimonas fastidiosa
974,853,Faecalibacterium prausnitzii
1285,2714355,Vescimonas coprocola
1406,186802,Eubacteriales
1574,216851,Faecalibacterium
1612,216851,Faecalibacterium
2138,116085,Coprococcus catus
2214,1297617,Intestinimonas butyriciproducens
2339,1522,[Clostridium] innocuum
2364,216851,Faecalibacterium
2414,186802,Eubacteriales
2608,1550024,Ruthenibacterium lactatiformans
2648,2787628,Treponema peruense
2749,216572,Oscillospiraceae
2835,301301,Roseburia hominis
2877,194,Campylobacter
2955,2787628,Treponema peruense
3062,853,Faecalibacterium prausnitzii
3125,2763056,Oscillibacter sp. NSJ-62
3173,216572,Oscillospiraceae
3216,84030,Lacrimispora saccharolytica
3223,186802,Eubacteriales
3260,853,Faecalibacterium prausnitzii
3274,2714353,Vescimonas fastidiosa
3317,216851,Faecalibacterium
3378,853,Faecalibacterium prausnitzii
3405,853,Faecalibacterium prausnitzii
3505,853,Faecalibacterium prausnitzii
3577,216851,Faecalibacterium
3579,216851,Faecalibacterium
3599,186802,Eubacteriales
3641,853,Faecalibacterium prausnitzii
3743,216851,Faecalibacterium
3842,853,Faecalibacterium prausnitzii
3996,216572,Oscillospiraceae
4072,2929489,Faecalibacterium sp. IP329
4081,2763056,Oscillibacter sp. NSJ-62
4109,216851,Faecalibacterium
4197,186802,Eubacteriales
4277,216851,Faecalibacterium
4396,84030,Lacrimispora saccharolytica
4399,216851,Faecalibacterium
4439,208479,Enterocloster bolteae
4944,1914850,Certrevirus
4979,1605,Ligilactobacillus animalis
5080,84030,Lacrimispora saccharolytica
5145,216851,Faecalibacterium
5149,84030,Lacrimispora saccharolytica
5201,186802,Eubacteriales
5203,186802,Eubacteriales
5558,2929494,Faecalibacterium sp. I4179
5675,853,Faecalibacterium prausnitzii
5766,84030,Lacrimispora saccharolytica
5767,853,Faecalibacterium prausnitzii
5869,2714353,Vescimonas fastidiosa
5873,2714353,Vescimonas fastidiosa
5879,216851,Faecalibacterium
5970,2714353,Vescimonas fastidiosa
5981,216851,Faecalibacterium
5984,186802,Eubacteriales
6001,216851,Faecalibacterium
6019,853,Faecalibacterium prausnitzii
6037,216572,Oscillospiraceae
6384,2093857,Dysosmobacter welbionis
6388,216851,Faecalibacterium
6551,216851,Faecalibacterium
6579,1297617,Intestinimonas butyriciproducens
6612,216851,Faecalibacterium
6767,1852373,Murdochiella vaginalis
6894,84030,Lacrimispora saccharolytica
6917,536231,Roseburia intestinalis L1-82
6927,536231,Roseburia intestinalis L1-82
6933,537007,Blautia hansenii DSM 20583
7070,216851,Faecalibacterium
7105,186802,Eubacteriales
7393,853,Faecalibacterium prausnitzii
7460,186802,Eubacteriales
7461,536231,Roseburia intestinalis L1-82
7467,186802,Eubacteriales
7532,853,Faecalibacterium prausnitzii
7643,2929494,Faecalibacterium sp. I4179
7777,853,Faecalibacterium prausnitzii
7783,2929494,Faecalibacterium sp. I4179
7810,216851,Faecalibacterium
7811,216851,Faecalibacterium
7854,186802,Eubacteriales
8167,216851,Faecalibacterium
8201,853,Faecalibacterium prausnitzii
8541,216851,Faecalibacterium
8715,216851,Faecalibacterium
8836,216851,Faecalibacterium
8853,2714353,Vescimonas fastidiosa
9002,186802,Eubacteriales
9015,216572,Oscillospiraceae
9144,853,Faecalibacterium prausnitzii
9226,186802,Eubacteriales
9249,2763056,Oscillibacter sp. NSJ-62
9325,216851,Faecalibacterium
9531,1522,[Clostridium] innocuum
9577,292800,Flavonifractor plautii
9815,2787628,Treponema peruense
9882,84030,Lacrimispora saccharolytica
9990,186802,Eubacteriales
10028,216572,Oscillospiraceae
10145,186802,Eubacteriales
10153,216572,Oscillospiraceae
10188,1297617,Intestinimonas butyriciproducens
10212,84030,Lacrimispora saccharolytica
10252,853,Faecalibacterium prausnitzii
10257,2787628,Treponema peruense
10375,216572,Oscillospiraceae
10472,536231,Roseburia intestinalis L1-82
10510,216572,Oscillospiraceae
10553,216572,Oscillospiraceae
10882,657322,Faecalibacterium prausnitzii SL3/3
10970,2929494,Faecalibacterium sp. I4179
11039,2714353,Vescimonas fastidiosa
11054,216851,Faecalibacterium
11350,186802,Eubacteriales
11420,84030,Lacrimispora saccharolytica
11708,216851,Faecalibacterium
11837,186802,Eubacteriales
11841,1297617,Intestinimonas butyriciproducens
11851,1297617,Intestinimonas butyriciproducens
11960,853,Faecalibacterium prausnitzii
11987,186802,Eubacteriales
12122,604330,Parafannyhessea umbonata
12134,853,Faecalibacterium prausnitzii
12237,186802,Eubacteriales
12245,186802,Eubacteriales
12293,216851,Faecalibacterium
12351,186802,Eubacteriales
12487,216851,Faecalibacterium
12494,2929494,Faecalibacterium sp. I4179
12668,186802,Eubacteriales
12865,216851,Faecalibacterium
12875,216851,Faecalibacterium
12975,853,Faecalibacterium prausnitzii
12998,537007,Blautia hansenii DSM 20583
13242,657313,[Ruminococcus] torques L2-14
13266,2714355,Vescimonas coprocola
13316,216851,Faecalibacterium
13331,853,Faecalibacterium prausnitzii
13486,216851,Faecalibacterium
13620,186802,Eubacteriales
13681,2929495,Faecalibacterium sp. I4384
13866,2929495,Faecalibacterium sp. I4384
13877,2093857,Dysosmobacter welbionis
13902,216851,Faecalibacterium
14052,186802,Eubacteriales
14087,216572,Oscillospiraceae
14199,216851,Faecalibacterium
14283,2714358,Pusillibacter faecalis
14323,216572,Oscillospiraceae
14341,216572,Oscillospiraceae
14343,186802,Eubacteriales
14398,2714353,Vescimonas fastidiosa
14872,2714355,Vescimonas coprocola
14909,853,Faecalibacterium prausnitzii
14928,853,Faecalibacterium prausnitzii
15325,84030,Lacrimispora saccharolytica
15445,186803,Lachnospiraceae
15455,186802,Eubacteriales
15467,216572,Oscillospiraceae
15470,2714355,Vescimonas coprocola
15486,301301,Roseburia hominis
15520,2144175,Megasphaera stantonii
15602,722911,Bifidobacterium longum subsp. longum F8
15698,536231,Roseburia intestinalis L1-82
15826,186802,Eubacteriales
15906,1737424,Blautia massiliensis
15950,186802,Eubacteriales
16074,853,Faecalibacterium prausnitzii
16186,186802,Eubacteriales
16191,1522,[Clostridium] innocuum
16371,2929494,Faecalibacterium sp. I4179
16448,186802,Eubacteriales
16497,84030,Lacrimispora saccharolytica
17171,853,Faecalibacterium prausnitzii
17268,216851,Faecalibacterium
17328,1496,Clostridioides difficile
17352,853,Faecalibacterium prausnitzii
17490,216851,Faecalibacterium
17562,853,Faecalibacterium prausnitzii
17567,216851,Faecalibacterium
17652,216572,Oscillospiraceae
17692,186802,Eubacteriales
17741,1522,[Clostridium] innocuum
17999,184250,Streptococcus constellatus subsp. pharyngis
18028,186802,Eubacteriales
18031,2646395,unclassified Faecalibacterium
18043,301301,Roseburia hominis
18069,186802,Eubacteriales
18071,853,Faecalibacterium prausnitzii
18083,186802,Eubacteriales
18115,84030,Lacrimispora saccharolytica
18143,853,Faecalibacterium prausnitzii
18192,1297617,Intestinimonas butyriciproducens
18295,216851,Faecalibacterium
18360,186802,Eubacteriales
18405,2714358,Pusillibacter faecalis
18482,216572,Oscillospiraceae
18568,1796635,Longicatena caecimuris
18757,1297617,Intestinimonas butyriciproducens
18785,1297617,Intestinimonas butyriciproducens
18828,216851,Faecalibacterium
18860,216851,Faecalibacterium
18923,216851,Faecalibacterium
18981,84030,Lacrimispora saccharolytica
18996,853,Faecalibacterium prausnitzii
19202,2714353,Vescimonas fastidiosa
19476,1326,Streptococcus acidominimus
19591,1522,[Clostridium] innocuum
19796,216851,Faecalibacterium
19826,186802,Eubacteriales
19863,2763056,Oscillibacter sp. NSJ-62
19899,84030,Lacrimispora saccharolytica
20185,853,Faecalibacterium prausnitzii
20346,186802,Eubacteriales
20359,853,Faecalibacterium prausnitzii
20377,216572,Oscillospiraceae
20563,216851,Faecalibacterium
20571,216851,Faecalibacterium
20624,186802,Eubacteriales
20773,216851,Faecalibacterium
20833,853,Faecalibacterium prausnitzii
20992,216851,Faecalibacterium
20994,853,Faecalibacterium prausnitzii
21195,301301,Roseburia hominis
21285,186802,Eubacteriales
21309,853,Faecalibacterium prausnitzii
21696,216572,Oscillospiraceae
21833,2929494,Faecalibacterium sp. I4179
22015,216851,Faecalibacterium
22024,2714355,Vescimonas coprocola
22199,853,Faecalibacterium prausnitzii
22371,216572,Oscillospiraceae
22586,1522,[Clostridium] innocuum
22600,216851,Faecalibacterium
22715,853,Faecalibacterium prausnitzii
22735,216851,Faecalibacterium
22743,2646395,unclassified Faecalibacterium
22778,186802,Eubacteriales
22975,216572,Oscillospiraceae
23016,216572,Oscillospiraceae
23112,216572,Oscillospiraceae
23255,216572,Oscillospiraceae
23302,216572,Oscillospiraceae
23333,853,Faecalibacterium prausnitzii
23541,116085,Coprococcus catus
23647,216851,Faecalibacterium
23807,2093857,Dysosmobacter welbionis
24095,2763672,Simiaoa sunii
24106,2714355,Vescimonas coprocola
24269,216851,Faecalibacterium
24275,2714353,Vescimonas fastidiosa
24426,186802,Eubacteriales
24441,186802,Eubacteriales
24606,853,Faecalibacterium prausnitzii
24757,216572,Oscillospiraceae
24790,853,Faecalibacterium prausnitzii
25294,853,Faecalibacterium prausnitzii
25445,216851,Faecalibacterium
25451,853,Faecalibacterium prausnitzii
25556,853,Faecalibacterium prausnitzii
25600,216572,Oscillospiraceae
25686,216851,Faecalibacterium
25736,216851,Faecalibacterium
25869,292800,Flavonifractor plautii
25941,2929489,Faecalibacterium sp. IP329
26303,216572,Oscillospiraceae
26767,84030,Lacrimispora saccharolytica
26879,216851,Faecalibacterium
26907,216851,Faecalibacterium
27018,216851,Faecalibacterium
27150,216572,Oscillospiraceae
27245,853,Faecalibacterium prausnitzii
27387,2929491,Faecalibacterium sp. HTFF
27430,216851,Faecalibacterium
27431,216851,Faecalibacterium
27687,2830675,Dysosmobacter sp. Marseille-Q4140
27732,853,Faecalibacterium prausnitzii
27747,718252,Faecalibacterium prausnitzii L2-6
27751,186802,Eubacteriales
27864,216851,Faecalibacterium
27970,186802,Eubacteriales
28017,657322,Faecalibacterium prausnitzii SL3/3
28106,186802,Eubacteriales
28434,292800,Flavonifractor plautii
28501,853,Faecalibacterium prausnitzii
28510,853,Faecalibacterium prausnitzii
28524,186802,Eubacteriales
28590,186802,Eubacteriales
29117,2714358,Pusillibacter faecalis
29119,216572,Oscillospiraceae
29132,853,Faecalibacterium prausnitzii
29176,216851,Faecalibacterium
29447,216572,Oscillospiraceae
29750,2714358,Pusillibacter faecalis
30184,2929494,Faecalibacterium sp. I4179
30344,657322,Faecalibacterium prausnitzii SL3/3
30469,853,Faecalibacterium prausnitzii
30796,2714358,Pusillibacter faecalis
31087,853,Faecalibacterium prausnitzii
31176,2763056,Oscillibacter sp. NSJ-62
31216,216572,Oscillospiraceae
31257,186802,Eubacteriales
31356,89153,[Clostridium] hylemonae
31419,216572,Oscillospiraceae
31619,216851,Faecalibacterium
31814,1297617,Intestinimonas butyriciproducens
31867,2093857,Dysosmobacter welbionis
31983,186802,Eubacteriales
32007,2086584,Massilistercora timonensis
32210,853,Faecalibacterium prausnitzii
32269,216851,Faecalibacterium
32384,216851,Faecalibacterium
32641,853,Faecalibacterium prausnitzii
33032,186802,Eubacteriales
33195,853,Faecalibacterium prausnitzii
33451,718252,Faecalibacterium prausnitzii L2-6
33520,1297617,Intestinimonas butyriciproducens
33670,216851,Faecalibacterium
33751,718252,Faecalibacterium prausnitzii L2-6
33791,2714353,Vescimonas fastidiosa
33848,216851,Faecalibacterium
34440,186802,Eubacteriales
35027,186802,Eubacteriales
35077,2929495,Faecalibacterium sp. I4384
35218,1297617,Intestinimonas butyriciproducens
35266,216572,Oscillospiraceae
35376,657322,Faecalibacterium prausnitzii SL3/3
35619,1547,Erysipelatoclostridium ramosum
35634,853,Faecalibacterium prausnitzii
35650,216851,Faecalibacterium
35735,216851,Faecalibacterium
35871,216851,Faecalibacterium
36016,718252,Faecalibacterium prausnitzii L2-6
36029,84030,Lacrimispora saccharolytica
36308,853,Faecalibacterium prausnitzii
36519,718252,Faecalibacterium prausnitzii L2-6
36803,853,Faecalibacterium prausnitzii
36916,853,Faecalibacterium prausnitzii
37253,186802,Eubacteriales
37645,2929495,Faecalibacterium sp. I4384
37780,718252,Faecalibacterium prausnitzii L2-6
37829,853,Faecalibacterium prausnitzii
37845,89153,[Clostridium] hylemonae
37851,216851,Faecalibacterium
37888,186802,Eubacteriales
37994,2823316,Faecalicatena sp. Marseille-Q4148
38063,2764325,Eubacterium sp. NSJ-61
38073,2714355,Vescimonas coprocola
38200,1297617,Intestinimonas butyriciproducens
38520,2787628,Treponema peruense
38616,216572,Oscillospiraceae
38724,186802,Eubacteriales
38733,186802,Eubacteriales
39007,186802,Eubacteriales
39110,2787628,Treponema peruense
39238,216851,Faecalibacterium
39917,2714355,Vescimonas coprocola
40193,1522,[Clostridium] innocuum
40492,216851,Faecalibacterium
40943,853,Faecalibacterium prausnitzii
40965,186802,Eubacteriales
41218,1496,Clostridioides difficile
41671,853,Faecalibacterium prausnitzii
41703,216851,Faecalibacterium
41979,216851,Faecalibacterium
42022,1522,[Clostridium] innocuum
42081,718252,Faecalibacterium prausnitzii L2-6
42641,2929494,Faecalibacterium sp. I4179
42990,1297617,Intestinimonas butyriciproducens
43210,853,Faecalibacterium prausnitzii
43263,853,Faecalibacterium prausnitzii
43335,186802,Eubacteriales
43414,853,Faecalibacterium prausnitzii
43499,2714353,Vescimonas fastidiosa
43753,2787628,Treponema peruense
43761,216851,Faecalibacterium
43791,853,Faecalibacterium prausnitzii
43831,2093857,Dysosmobacter welbionis
43939,2714355,Vescimonas coprocola
44147,216572,Oscillospiraceae
44294,186802,Eubacteriales
44520,657322,Faecalibacterium prausnitzii SL3/3
44713,216851,Faecalibacterium
44858,2929490,Faecalibacterium sp. I2392
45066,2787628,Treponema peruense
45208,216572,Oscillospiraceae
45261,1852373,Murdochiella vaginalis
45347,216572,Oscillospiraceae
45596,2714358,Pusillibacter faecalis
45603,853,Faecalibacterium prausnitzii
45682,186802,Eubacteriales
45943,216851,Faecalibacterium
46369,657322,Faecalibacterium prausnitzii SL3/3
46992,1522,[Clostridium] innocuum
47052,186802,Eubacteriales
47065,853,Faecalibacterium prausnitzii
47235,1297617,Intestinimonas butyriciproducens
47451,718252,Faecalibacterium prausnitzii L2-6
47480,186802,Eubacteriales
48712,186802,Eubacteriales
49005,216572,Oscillospiraceae
49030,186802,Eubacteriales
49426,216851,Faecalibacterium
49749,186802,Eubacteriales
50315,292800,Flavonifractor plautii
50425,2714353,Vescimonas fastidiosa
51082,186802,Eubacteriales
51133,216851,Faecalibacterium
51323,853,Faecalibacterium prausnitzii
51402,718252,Faecalibacterium prausnitzii L2-6
51887,216572,Oscillospiraceae
52384,186802,Eubacteriales
52667,216851,Faecalibacterium
52826,2714353,Vescimonas fastidiosa
53337,2929494,Faecalibacterium sp. I4179
53631,718252,Faecalibacterium prausnitzii L2-6
54001,853,Faecalibacterium prausnitzii
54128,216851,Faecalibacterium
55554,853,Faecalibacterium prausnitzii
55656,301301,Roseburia hominis
55706,216851,Faecalibacterium
56070,216851,Faecalibacterium
56249,186802,Eubacteriales
56313,2929494,Faecalibacterium sp. I4179
57481,657322,Faecalibacterium prausnitzii SL3/3
57680,1496,Clostridioides difficile
58010,853,Faecalibacterium prausnitzii
58252,853,Faecalibacterium prausnitzii
58311,292800,Flavonifractor plautii
58802,2763672,Simiaoa sunii
58972,216572,Oscillospiraceae
59300,216572,Oscillospiraceae
60291,853,Faecalibacterium prausnitzii
60752,2714355,Vescimonas coprocola
61269,216572,Oscillospiraceae
63605,186802,Eubacteriales
64601,853,Faecalibacterium prausnitzii
65466,186802,Eubacteriales
65691,2780922,Solibaculum mannosilyticum
66937,186802,Eubacteriales
NA,0,unclassified
