Node name,taxid,Taxa
131,853,Faecalibacterium prausnitzii
634,39488,Anaerobutyricum hallii
648,216851,Faecalibacterium
930,1307,Streptococcus suis
948,1737424,Blautia massiliensis
2272,718252,Faecalibacterium prausnitzii L2-6
2367,216851,Faecalibacterium
2384,84030,Lacrimispora saccharolytica
2506,216851,Faecalibacterium
2678,2763672,Simiaoa sunii
2754,2929494,Faecalibacterium sp. I4179
3039,853,Faecalibacterium prausnitzii
3055,216851,Faecalibacterium
3166,2929494,Faecalibacterium sp. I4179
3289,216851,Faecalibacterium
3379,1161942,Ruminococcus champanellensis
3423,169435,Anaerotruncus colihominis
3636,853,Faecalibacterium prausnitzii
3680,2714358,Pusillibacter faecalis
3800,208479,Enterocloster bolteae
4042,2714358,Pusillibacter faecalis
4247,131111,Schaalia turicensis
4253,216572,Oscillospiraceae
4303,84030,Lacrimispora saccharolytica
4511,853,Faecalibacterium prausnitzii
4573,216851,Faecalibacterium
4591,216851,Faecalibacterium
4614,2929490,Faecalibacterium sp. I2392
4680,131111,Schaalia turicensis
4700,39488,Anaerobutyricum hallii
4803,216572,Oscillospiraceae
4892,216851,Faecalibacterium
5058,216851,Faecalibacterium
5072,216851,Faecalibacterium
5171,1852373,Murdochiella vaginalis
5208,216851,Faecalibacterium
5293,216572,Oscillospiraceae
5383,2929490,Faecalibacterium sp. I2392
5568,216572,Oscillospiraceae
5637,536231,Roseburia intestinalis L1-82
5842,1496,Clostridioides difficile
5945,292800,Flavonifractor plautii
6088,216851,Faecalibacterium
6208,194,Campylobacter
6292,1852373,Murdochiella vaginalis
6387,82135,Fannyhessea vaginae
6399,84030,Lacrimispora saccharolytica
6661,216851,Faecalibacterium
6921,853,Faecalibacterium prausnitzii
6997,216851,Faecalibacterium
7302,853,Faecalibacterium prausnitzii
7385,195,Campylobacter coli
7452,853,Faecalibacterium prausnitzii
7545,2714358,Pusillibacter faecalis
7714,84030,Lacrimispora saccharolytica
7957,536231,Roseburia intestinalis L1-82
8375,208479,Enterocloster bolteae
8457,84030,Lacrimispora saccharolytica
8648,853,Faecalibacterium prausnitzii
8652,131111,Schaalia turicensis
8696,1307,Streptococcus suis
8913,1161942,Ruminococcus champanellensis
9042,853,Faecalibacterium prausnitzii
9281,301301,Roseburia hominis
9510,88431,Dorea longicatena
9864,2497860,Cellulosilyticum sp. WCF-2
10486,1496,Clostridioides difficile
10713,2714358,Pusillibacter faecalis
10800,216851,Faecalibacterium
11009,84030,Lacrimispora saccharolytica
11218,216572,Oscillospiraceae
11432,131111,Schaalia turicensis
11697,1522,[Clostridium] innocuum
11718,536231,Roseburia intestinalis L1-82
11945,1326,Streptococcus acidominimus
11950,2929490,Faecalibacterium sp. I2392
12015,216851,Faecalibacterium
12767,216572,Oscillospiraceae
13681,2714358,Pusillibacter faecalis
13774,194,Campylobacter
13833,216572,Oscillospiraceae
13967,2714358,Pusillibacter faecalis
14152,84030,Lacrimispora saccharolytica
14156,1311,Streptococcus agalactiae
14222,131111,Schaalia turicensis
14234,216851,Faecalibacterium
14467,1737424,Blautia massiliensis
14621,718252,Faecalibacterium prausnitzii L2-6
14738,131111,Schaalia turicensis
14840,2086584,Massilistercora timonensis
15288,208479,Enterocloster bolteae
15500,1496,Clostridioides difficile
15585,116085,Coprococcus catus
15707,216851,Faecalibacterium
15863,301301,Roseburia hominis
15988,216851,Faecalibacterium
16186,853,Faecalibacterium prausnitzii
16287,2929494,Faecalibacterium sp. I4179
16348,853,Faecalibacterium prausnitzii
16592,853,Faecalibacterium prausnitzii
16830,216851,Faecalibacterium
16893,853,Faecalibacterium prausnitzii
17504,216572,Oscillospiraceae
17868,186803,Lachnospiraceae
17967,216851,Faecalibacterium
18096,216851,Faecalibacterium
18103,2929490,Faecalibacterium sp. I2392
18313,216851,Faecalibacterium
18364,216851,Faecalibacterium
18551,1531429,Berryella intestinalis
19087,216851,Faecalibacterium
19110,536231,Roseburia intestinalis L1-82
19230,216851,Faecalibacterium
19439,216572,Oscillospiraceae
19454,84030,Lacrimispora saccharolytica
19499,216572,Oscillospiraceae
19750,216851,Faecalibacterium
19958,216851,Faecalibacterium
19964,536231,Roseburia intestinalis L1-82
20065,84030,Lacrimispora saccharolytica
20073,1326,Streptococcus acidominimus
20238,2086585,Christensenella sp. Marseille-P3954
20698,853,Faecalibacterium prausnitzii
21130,1522,[Clostridium] innocuum
21314,853,Faecalibacterium prausnitzii
21461,216572,Oscillospiraceae
21580,194,Campylobacter
21623,84030,Lacrimispora saccharolytica
21704,194,Campylobacter
21936,2714358,Pusillibacter faecalis
21969,194,Campylobacter
22037,216851,Faecalibacterium
22234,216851,Faecalibacterium
22279,186803,Lachnospiraceae
22722,2714358,Pusillibacter faecalis
23025,216572,Oscillospiraceae
23258,2714358,Pusillibacter faecalis
23357,1531,Enterocloster clostridioformis
23429,1326,Streptococcus acidominimus
23498,1229621,Anaerostipes rhamnosivorans
23567,2763056,Oscillibacter sp. NSJ-62
23634,131111,Schaalia turicensis
24139,88431,Dorea longicatena
24184,2763056,Oscillibacter sp. NSJ-62
24309,216851,Faecalibacterium
24670,194,Campylobacter
24731,216851,Faecalibacterium
25049,536231,Roseburia intestinalis L1-82
26035,2714353,Vescimonas fastidiosa
26121,1161942,Ruminococcus champanellensis
26350,853,Faecalibacterium prausnitzii
26403,1522,[Clostridium] innocuum
26525,853,Faecalibacterium prausnitzii
26594,411474,Coprococcus eutactus ATCC 27759
27196,2929490,Faecalibacterium sp. I2392
27929,853,Faecalibacterium prausnitzii
28148,1661,Trueperella pyogenes
28288,29347,[Clostridium] scindens
29103,2714358,Pusillibacter faecalis
29163,33959,Lactobacillus johnsonii
29388,116085,Coprococcus catus
29576,82135,Fannyhessea vaginae
29714,194,Campylobacter
29939,216851,Faecalibacterium
30324,1496,Clostridioides difficile
30653,1301,Streptococcus
31743,216851,Faecalibacterium
32113,718252,Faecalibacterium prausnitzii L2-6
32324,1653434,Sellimonas intestinalis
32584,89153,[Clostridium] hylemonae
33239,1852373,Murdochiella vaginalis
33272,216851,Faecalibacterium
33394,194,Campylobacter
33476,2929494,Faecalibacterium sp. I4179
33587,216851,Faecalibacterium
33682,1335613,Gordonibacter urolithinfaciens
33759,216851,Faecalibacterium
33954,853,Faecalibacterium prausnitzii
34057,194,Campylobacter
34399,208479,Enterocloster bolteae
34898,216851,Faecalibacterium
35510,2763056,Oscillibacter sp. NSJ-62
35794,84030,Lacrimispora saccharolytica
36550,82135,Fannyhessea vaginae
36615,216851,Faecalibacterium
37243,194,Campylobacter
37388,131111,Schaalia turicensis
37465,84030,Lacrimispora saccharolytica
38198,216572,Oscillospiraceae
38721,84030,Lacrimispora saccharolytica
40212,2714358,Pusillibacter faecalis
41076,197,Campylobacter jejuni
41224,1796620,Acutalibacter muris
42054,216851,Faecalibacterium
42492,82135,Fannyhessea vaginae
43378,194,Campylobacter
44064,216851,Faecalibacterium
44529,292800,Flavonifractor plautii
NA,0,unclassified
