Node name,taxid,Taxa
213,208479,Enterocloster bolteae
234,1307,Streptococcus suis
261,717960,Faecalitalea cylindroides T2-87
280,1496,Clostridioides difficile
408,1496,Clostridioides difficile
1536,853,Faecalibacterium prausnitzii
2764,1326,Streptococcus acidominimus
3510,208479,Enterocloster bolteae
4962,1326,Streptococcus acidominimus
5953,1496,Clostridioides difficile
6797,853,Faecalibacterium prausnitzii
7344,1301,Streptococcus
7376,586,Providencia
8191,208479,Enterocloster bolteae
8611,1852373,Murdochiella vaginalis
11622,1326,Streptococcus acidominimus
12179,718255,Roseburia intestinalis XB6B4
12360,194,Campylobacter
12485,195,Campylobacter coli
13100,1229621,Anaerostipes rhamnosivorans
13679,1522,[Clostridium] innocuum
17872,1326,Streptococcus acidominimus
NA,0,unclassified
