Node name,taxid,Taxa
48,853,Faecalibacterium prausnitzii
190,216851,Faecalibacterium
328,2823316,Faecalicatena sp. Marseille-Q4148
339,853,Faecalibacterium prausnitzii
352,216851,Faecalibacterium
467,216851,Faecalibacterium
500,216851,Faecalibacterium
1164,2929494,Faecalibacterium sp. I4179
1399,216851,Faecalibacterium
1407,718252,Faecalibacterium prausnitzii L2-6
1448,536231,Roseburia intestinalis L1-82
1512,216851,Faecalibacterium
1694,853,Faecalibacterium prausnitzii
1724,2929494,Faecalibacterium sp. I4179
1737,2929492,Faecalibacterium sp. I3333
1908,853,Faecalibacterium prausnitzii
1938,2929490,Faecalibacterium sp. I2392
1961,186802,Eubacteriales
2002,186802,Eubacteriales
2018,216851,Faecalibacterium
2138,186802,Eubacteriales
2253,131111,Schaalia turicensis
2357,2929494,Faecalibacterium sp. I4179
2369,216851,Faecalibacterium
2539,292800,Flavonifractor plautii
2571,216572,Oscillospiraceae
2603,216851,Faecalibacterium
2618,216851,Faecalibacterium
2924,2714358,Pusillibacter faecalis
3052,1496,Clostridioides difficile
3158,216851,Faecalibacterium
3330,1680,Bifidobacterium adolescentis
3376,216851,Faecalibacterium
3562,216851,Faecalibacterium
3575,216851,Faecalibacterium
3621,853,Faecalibacterium prausnitzii
3626,216851,Faecalibacterium
3886,186802,Eubacteriales
3922,216851,Faecalibacterium
3927,657322,Faecalibacterium prausnitzii SL3/3
3972,1680,Bifidobacterium adolescentis
3974,186803,Lachnospiraceae
4234,2929494,Faecalibacterium sp. I4179
4313,216851,Faecalibacterium
4341,2646395,unclassified Faecalibacterium
4371,186802,Eubacteriales
4396,301301,Roseburia hominis
4439,2929494,Faecalibacterium sp. I4179
4472,2764325,Eubacterium sp. NSJ-61
4537,216851,Faecalibacterium
4791,2714358,Pusillibacter faecalis
4897,186802,Eubacteriales
5161,216851,Faecalibacterium
5227,853,Faecalibacterium prausnitzii
5315,853,Faecalibacterium prausnitzii
5416,131111,Schaalia turicensis
5872,216851,Faecalibacterium
5992,2929490,Faecalibacterium sp. I2392
5995,853,Faecalibacterium prausnitzii
6035,216851,Faecalibacterium
6051,216851,Faecalibacterium
6154,186802,Eubacteriales
6221,216851,Faecalibacterium
6229,216572,Oscillospiraceae
6241,1680,Bifidobacterium adolescentis
6245,186802,Eubacteriales
6275,216851,Faecalibacterium
6758,216851,Faecalibacterium
6773,186802,Eubacteriales
6900,216851,Faecalibacterium
6913,186802,Eubacteriales
6954,186802,Eubacteriales
6972,853,Faecalibacterium prausnitzii
7021,853,Faecalibacterium prausnitzii
7040,186802,Eubacteriales
7043,410072,Coprococcus comes
7046,208479,Enterocloster bolteae
7126,657322,Faecalibacterium prausnitzii SL3/3
7155,216851,Faecalibacterium
7185,216851,Faecalibacterium
7220,2929494,Faecalibacterium sp. I4179
7262,216851,Faecalibacterium
7407,216851,Faecalibacterium
7506,216851,Faecalibacterium
7576,186802,Eubacteriales
7795,1496,Clostridioides difficile
7807,186802,Eubacteriales
7817,2764325,Eubacterium sp. NSJ-61
7941,186802,Eubacteriales
8054,292800,Flavonifractor plautii
8140,186802,Eubacteriales
8145,1605,Ligilactobacillus animalis
8223,2929489,Faecalibacterium sp. IP329
8521,2929494,Faecalibacterium sp. I4179
8594,186802,Eubacteriales
8909,1680,Bifidobacterium adolescentis
8949,216851,Faecalibacterium
9043,186802,Eubacteriales
9101,853,Faecalibacterium prausnitzii
9158,186802,Eubacteriales
9619,1852373,Murdochiella vaginalis
9644,186802,Eubacteriales
9787,2929489,Faecalibacterium sp. IP329
9807,186802,Eubacteriales
9877,853,Faecalibacterium prausnitzii
9895,1301,Streptococcus
9974,186802,Eubacteriales
9982,186802,Eubacteriales
9983,2646395,unclassified Faecalibacterium
10014,853,Faecalibacterium prausnitzii
10060,216572,Oscillospiraceae
10069,186803,Lachnospiraceae
10271,2929494,Faecalibacterium sp. I4179
10368,216851,Faecalibacterium
10419,186802,Eubacteriales
10445,186802,Eubacteriales
10492,186802,Eubacteriales
10508,853,Faecalibacterium prausnitzii
10517,216851,Faecalibacterium
10626,186802,Eubacteriales
10821,216851,Faecalibacterium
10831,216572,Oscillospiraceae
10891,216851,Faecalibacterium
10992,1496,Clostridioides difficile
11087,853,Faecalibacterium prausnitzii
11091,2929494,Faecalibacterium sp. I4179
11338,1680,Bifidobacterium adolescentis
11382,186802,Eubacteriales
11546,216851,Faecalibacterium
11650,853,Faecalibacterium prausnitzii
11657,2929494,Faecalibacterium sp. I4179
11802,216851,Faecalibacterium
11863,186802,Eubacteriales
11868,186802,Eubacteriales
11927,2929495,Faecalibacterium sp. I4384
12018,657322,Faecalibacterium prausnitzii SL3/3
12165,718252,Faecalibacterium prausnitzii L2-6
12177,853,Faecalibacterium prausnitzii
12270,186802,Eubacteriales
12356,853,Faecalibacterium prausnitzii
12438,186802,Eubacteriales
12481,411486,Clostridium sp. M62/1
12545,853,Faecalibacterium prausnitzii
12586,216851,Faecalibacterium
12657,186802,Eubacteriales
12726,216851,Faecalibacterium
12964,1326,Streptococcus acidominimus
13032,216851,Faecalibacterium
13116,853,Faecalibacterium prausnitzii
13278,216851,Faecalibacterium
13359,2929494,Faecalibacterium sp. I4179
13554,657322,Faecalibacterium prausnitzii SL3/3
13599,216851,Faecalibacterium
13747,186802,Eubacteriales
13856,411486,Clostridium sp. M62/1
13899,195,Campylobacter coli
14119,186802,Eubacteriales
14147,2764325,Eubacterium sp. NSJ-61
14344,216851,Faecalibacterium
14533,216851,Faecalibacterium
14719,186802,Eubacteriales
14885,1550024,Ruthenibacterium lactatiformans
14887,1852373,Murdochiella vaginalis
15167,186802,Eubacteriales
15332,216851,Faecalibacterium
15352,2929490,Faecalibacterium sp. I2392
15499,216851,Faecalibacterium
15549,186802,Eubacteriales
15575,186802,Eubacteriales
15616,216851,Faecalibacterium
15861,186802,Eubacteriales
15912,216851,Faecalibacterium
16330,216851,Faecalibacterium
16408,216851,Faecalibacterium
16566,216851,Faecalibacterium
16632,186802,Eubacteriales
16649,186802,Eubacteriales
16690,186802,Eubacteriales
16713,88431,Dorea longicatena
16725,131111,Schaalia turicensis
16781,216851,Faecalibacterium
16786,216851,Faecalibacterium
16918,186803,Lachnospiraceae
17163,208479,Enterocloster bolteae
17360,186803,Lachnospiraceae
17421,853,Faecalibacterium prausnitzii
17527,186802,Eubacteriales
17604,186802,Eubacteriales
17616,216851,Faecalibacterium
17726,853,Faecalibacterium prausnitzii
17820,88431,Dorea longicatena
17869,1496,Clostridioides difficile
17892,186802,Eubacteriales
17912,186802,Eubacteriales
18098,216572,Oscillospiraceae
18144,853,Faecalibacterium prausnitzii
18204,853,Faecalibacterium prausnitzii
18218,216851,Faecalibacterium
18299,2929494,Faecalibacterium sp. I4179
18427,2929494,Faecalibacterium sp. I4179
18545,216851,Faecalibacterium
18551,216851,Faecalibacterium
18726,216851,Faecalibacterium
19184,186802,Eubacteriales
19287,1229621,Anaerostipes rhamnosivorans
19372,216851,Faecalibacterium
19772,853,Faecalibacterium prausnitzii
19862,2764325,Eubacterium sp. NSJ-61
19970,186802,Eubacteriales
20046,2929495,Faecalibacterium sp. I4384
20048,2929494,Faecalibacterium sp. I4179
20312,2646395,unclassified Faecalibacterium
20562,216851,Faecalibacterium
21130,216851,Faecalibacterium
21144,186802,Eubacteriales
21499,186802,Eubacteriales
21885,186802,Eubacteriales
21929,216851,Faecalibacterium
21986,853,Faecalibacterium prausnitzii
22034,657322,Faecalibacterium prausnitzii SL3/3
22068,216851,Faecalibacterium
22283,301301,Roseburia hominis
22610,853,Faecalibacterium prausnitzii
22639,216851,Faecalibacterium
22687,186802,Eubacteriales
22772,1604,Lactobacillus amylovorus
22933,186802,Eubacteriales
23088,186802,Eubacteriales
23145,186802,Eubacteriales
23210,186802,Eubacteriales
23382,216851,Faecalibacterium
23694,1680,Bifidobacterium adolescentis
23784,2823316,Faecalicatena sp. Marseille-Q4148
23861,853,Faecalibacterium prausnitzii
24306,2646395,unclassified Faecalibacterium
24401,216851,Faecalibacterium
24464,2646395,unclassified Faecalibacterium
24492,411486,Clostridium sp. M62/1
24632,216851,Faecalibacterium
24731,411486,Clostridium sp. M62/1
24765,2929494,Faecalibacterium sp. I4179
24930,216851,Faecalibacterium
25141,216851,Faecalibacterium
25303,186802,Eubacteriales
25713,2929494,Faecalibacterium sp. I4179
26023,216851,Faecalibacterium
26324,186802,Eubacteriales
26474,186802,Eubacteriales
26667,301301,Roseburia hominis
26674,411486,Clostridium sp. M62/1
26687,657322,Faecalibacterium prausnitzii SL3/3
26701,853,Faecalibacterium prausnitzii
26740,216851,Faecalibacterium
26747,186802,Eubacteriales
27458,216851,Faecalibacterium
28044,1680,Bifidobacterium adolescentis
28079,186802,Eubacteriales
28168,208479,Enterocloster bolteae
28197,216851,Faecalibacterium
28362,292800,Flavonifractor plautii
28678,186802,Eubacteriales
28714,2929494,Faecalibacterium sp. I4179
28827,2929494,Faecalibacterium sp. I4179
29100,853,Faecalibacterium prausnitzii
29250,1496,Clostridioides difficile
29918,2823316,Faecalicatena sp. Marseille-Q4148
30806,853,Faecalibacterium prausnitzii
31410,186802,Eubacteriales
32050,186802,Eubacteriales
32658,853,Faecalibacterium prausnitzii
32907,216851,Faecalibacterium
33288,216851,Faecalibacterium
33754,216851,Faecalibacterium
34035,131111,Schaalia turicensis
34049,216572,Oscillospiraceae
34053,2929492,Faecalibacterium sp. I3333
34116,186802,Eubacteriales
34354,853,Faecalibacterium prausnitzii
34521,186802,Eubacteriales
34539,2929494,Faecalibacterium sp. I4179
34773,853,Faecalibacterium prausnitzii
34789,216851,Faecalibacterium
35627,216851,Faecalibacterium
36102,186802,Eubacteriales
36642,84030,Lacrimispora saccharolytica
36890,1680,Bifidobacterium adolescentis
37825,186802,Eubacteriales
37922,216851,Faecalibacterium
38504,216851,Faecalibacterium
38608,186802,Eubacteriales
38766,186802,Eubacteriales
39008,84030,Lacrimispora saccharolytica
39906,2929491,Faecalibacterium sp. HTFF
40242,186802,Eubacteriales
41088,216851,Faecalibacterium
41089,186802,Eubacteriales
41819,1680,Bifidobacterium adolescentis
42278,186802,Eubacteriales
45575,186802,Eubacteriales
46224,1496,Clostridioides difficile
46389,186802,Eubacteriales
NA,0,unclassified
