Node name,taxid,Taxa
45,165179,Prevotella copri
190,165179,Prevotella copri
347,165179,Prevotella copri
413,165179,Prevotella copri
425,544645,Butyricimonas virosa
837,537011,Prevotella copri DSM 18205
945,165179,Prevotella copri
957,165179,Prevotella copri
1569,165179,Prevotella copri
1590,537011,Prevotella copri DSM 18205
2001,165179,Prevotella copri
2171,537011,Prevotella copri DSM 18205
2214,165179,Prevotella copri
2305,375288,Parabacteroides
2315,165179,Prevotella copri
2429,537011,Prevotella copri DSM 18205
2504,165179,Prevotella copri
2605,165179,Prevotella copri
2622,165179,Prevotella copri
2669,328813,Alistipes onderdonkii
2674,165179,Prevotella copri
2844,537011,Prevotella copri DSM 18205
2860,165179,Prevotella copri
2999,165179,Prevotella copri
3050,165179,Prevotella copri
3115,165179,Prevotella copri
3213,817,Bacteroides fragilis
3228,717959,Alistipes shahii WAL 8301
3231,28118,Odoribacter splanchnicus
3362,999416,Parabacteroides distasonis CL03T12C09
3535,165179,Prevotella copri
3664,165179,Prevotella copri
3758,165179,Prevotella copri
4003,165179,Prevotella copri
4066,537011,Prevotella copri DSM 18205
4071,537011,Prevotella copri DSM 18205
4113,165179,Prevotella copri
4148,165179,Prevotella copri
4311,817,Bacteroides fragilis
4816,817,Bacteroides fragilis
5078,537011,Prevotella copri DSM 18205
5149,165179,Prevotella copri
5154,2606626,Sodaliphilus pleomorphus
5159,537011,Prevotella copri DSM 18205
5164,165179,Prevotella copri
5201,165179,Prevotella copri
5553,165179,Prevotella copri
5711,165179,Prevotella copri
5830,165179,Prevotella copri
6009,165179,Prevotella copri
6070,537011,Prevotella copri DSM 18205
6220,165179,Prevotella copri
6642,165179,Prevotella copri
6759,537011,Prevotella copri DSM 18205
6766,537011,Prevotella copri DSM 18205
6822,537011,Prevotella copri DSM 18205
6859,537011,Prevotella copri DSM 18205
7105,537011,Prevotella copri DSM 18205
7136,165179,Prevotella copri
7293,165179,Prevotella copri
7540,165179,Prevotella copri
7724,165179,Prevotella copri
7759,165179,Prevotella copri
7837,165179,Prevotella copri
7883,165179,Prevotella copri
7936,537011,Prevotella copri DSM 18205
8070,165179,Prevotella copri
8518,2,Bacteria
8620,165179,Prevotella copri
8726,165179,Prevotella copri
8878,165179,Prevotella copri
9061,165179,Prevotella copri
9112,537011,Prevotella copri DSM 18205
9219,537011,Prevotella copri DSM 18205
9486,165179,Prevotella copri
9599,165179,Prevotella copri
10169,165179,Prevotella copri
10210,165179,Prevotella copri
10430,165179,Prevotella copri
10572,165179,Prevotella copri
10930,165179,Prevotella copri
10985,165179,Prevotella copri
11309,537011,Prevotella copri DSM 18205
11488,909656,Phocaeicola
12008,165179,Prevotella copri
12013,165179,Prevotella copri
12015,165179,Prevotella copri
12044,537011,Prevotella copri DSM 18205
12147,165179,Prevotella copri
12177,537011,Prevotella copri DSM 18205
12292,537011,Prevotella copri DSM 18205
12296,537011,Prevotella copri DSM 18205
12319,165179,Prevotella copri
12363,165179,Prevotella copri
12422,165179,Prevotella copri
12465,165179,Prevotella copri
12961,165179,Prevotella copri
12976,165179,Prevotella copri
12984,165179,Prevotella copri
13450,537011,Prevotella copri DSM 18205
13534,537011,Prevotella copri DSM 18205
13561,816,Bacteroides
13605,537011,Prevotella copri DSM 18205
13618,537011,Prevotella copri DSM 18205
14154,165179,Prevotella copri
14510,537011,Prevotella copri DSM 18205
14520,537011,Prevotella copri DSM 18205
14696,165179,Prevotella copri
14770,537011,Prevotella copri DSM 18205
15605,165179,Prevotella copri
15624,2650157,Bacteroides zhangwenhongii
15674,165179,Prevotella copri
15755,165179,Prevotella copri
15820,537011,Prevotella copri DSM 18205
16045,537011,Prevotella copri DSM 18205
16091,165179,Prevotella copri
16151,537011,Prevotella copri DSM 18205
16218,165179,Prevotella copri
16648,537011,Prevotella copri DSM 18205
16724,537011,Prevotella copri DSM 18205
17049,537011,Prevotella copri DSM 18205
17111,165179,Prevotella copri
17217,165179,Prevotella copri
17340,537011,Prevotella copri DSM 18205
17504,537011,Prevotella copri DSM 18205
17537,537011,Prevotella copri DSM 18205
17560,165179,Prevotella copri
17569,165179,Prevotella copri
17866,165179,Prevotella copri
18028,165179,Prevotella copri
18121,165179,Prevotella copri
18213,165179,Prevotella copri
18931,165179,Prevotella copri
19087,537011,Prevotella copri DSM 18205
19095,165179,Prevotella copri
19099,165179,Prevotella copri
19214,817,Bacteroides fragilis
19864,165179,Prevotella copri
19871,165179,Prevotella copri
20189,165179,Prevotella copri
20235,544645,Butyricimonas virosa
20478,537011,Prevotella copri DSM 18205
21199,165179,Prevotella copri
21532,537011,Prevotella copri DSM 18205
21539,165179,Prevotella copri
21912,165179,Prevotella copri
22045,537011,Prevotella copri DSM 18205
22120,165179,Prevotella copri
22236,537011,Prevotella copri DSM 18205
23488,165179,Prevotella copri
23500,544645,Butyricimonas virosa
23631,165179,Prevotella copri
23874,165179,Prevotella copri
23908,165179,Prevotella copri
25254,2,Bacteria
26656,165179,Prevotella copri
27143,165179,Prevotella copri
27568,537011,Prevotella copri DSM 18205
27716,165179,Prevotella copri
27737,165179,Prevotella copri
27743,537011,Prevotella copri DSM 18205
27770,165179,Prevotella copri
27823,537011,Prevotella copri DSM 18205
28880,165179,Prevotella copri
29232,165179,Prevotella copri
29464,817,Bacteroides fragilis
29508,165179,Prevotella copri
29617,537011,Prevotella copri DSM 18205
29723,165179,Prevotella copri
29994,537011,Prevotella copri DSM 18205
30031,537011,Prevotella copri DSM 18205
30039,537011,Prevotella copri DSM 18205
30255,537011,Prevotella copri DSM 18205
30895,165179,Prevotella copri
31078,537011,Prevotella copri DSM 18205
31486,165179,Prevotella copri
31628,165179,Prevotella copri
31836,537011,Prevotella copri DSM 18205
31968,165179,Prevotella copri
32125,165179,Prevotella copri
32329,165179,Prevotella copri
32522,537011,Prevotella copri DSM 18205
32581,999416,Parabacteroides distasonis CL03T12C09
32797,165179,Prevotella copri
33374,817,Bacteroides fragilis
33425,537011,Prevotella copri DSM 18205
33450,165179,Prevotella copri
33522,165179,Prevotella copri
33543,537011,Prevotella copri DSM 18205
33631,165179,Prevotella copri
34857,165179,Prevotella copri
34978,537011,Prevotella copri DSM 18205
36023,165179,Prevotella copri
36138,537011,Prevotella copri DSM 18205
36825,537011,Prevotella copri DSM 18205
37608,165179,Prevotella copri
37648,165179,Prevotella copri
38296,165179,Prevotella copri
40559,165179,Prevotella copri
40817,165179,Prevotella copri
40994,165179,Prevotella copri
41244,165179,Prevotella copri
41443,165179,Prevotella copri
41452,165179,Prevotella copri
42975,537011,Prevotella copri DSM 18205
43813,165179,Prevotella copri
44666,2913617,Prevotella sp. E13-3
45284,2650157,Bacteroides zhangwenhongii
45354,165179,Prevotella copri
45615,165179,Prevotella copri
45891,165179,Prevotella copri
45908,537011,Prevotella copri DSM 18205
45923,537011,Prevotella copri DSM 18205
46330,165179,Prevotella copri
46962,165179,Prevotella copri
47322,165179,Prevotella copri
47486,165179,Prevotella copri
47837,165179,Prevotella copri
48564,165179,Prevotella copri
48625,165179,Prevotella copri
48718,165179,Prevotella copri
49223,165179,Prevotella copri
50236,537011,Prevotella copri DSM 18205
51191,165179,Prevotella copri
52642,165179,Prevotella copri
52888,165179,Prevotella copri
55480,165179,Prevotella copri
NA,0,unclassified
