Node name,taxid,Taxa
113,208479,Enterocloster bolteae
137,717960,Faecalitalea cylindroides T2-87
242,1496,Clostridioides difficile
288,186802,Eubacteriales
886,853,Faecalibacterium prausnitzii
1622,1326,Streptococcus acidominimus
1728,1307,Streptococcus suis
2056,208479,Enterocloster bolteae
2565,186802,Eubacteriales
3425,1496,Clostridioides difficile
4759,208479,Enterocloster bolteae
5918,208479,Enterocloster bolteae
6688,1326,Streptococcus acidominimus
7179,195,Campylobacter coli
7524,1229621,Anaerostipes rhamnosivorans
7885,1522,[Clostridium] innocuum
11147,186802,Eubacteriales
NA,0,unclassified
