Node name,taxid,Taxa
25,116085,Coprococcus catus
189,29347,[Clostridium] scindens
201,536231,Roseburia intestinalis L1-82
473,186802,Eubacteriales
781,2714355,Vescimonas coprocola
788,536231,Roseburia intestinalis L1-82
1031,411486,Clostridium sp. M62/1
1050,1496,Clostridioides difficile
1055,186802,Eubacteriales
1172,1297617,Intestinimonas butyriciproducens
1578,186802,Eubacteriales
1601,186802,Eubacteriales
1904,657313,[Ruminococcus] torques L2-14
1968,1297617,Intestinimonas butyriciproducens
2211,186802,Eubacteriales
2627,2929495,Faecalibacterium sp. I4384
2704,1496,Clostridioides difficile
2790,301301,Roseburia hominis
2794,186802,Eubacteriales
2846,186802,Eubacteriales
3022,186802,Eubacteriales
3204,186803,Lachnospiraceae
3222,186802,Eubacteriales
3366,1598,Limosilactobacillus reuteri
3473,2041044,Eubacterium maltosivorans
3568,2714355,Vescimonas coprocola
3784,186802,Eubacteriales
3856,186803,Lachnospiraceae
4000,186802,Eubacteriales
4310,186802,Eubacteriales
4407,657313,[Ruminococcus] torques L2-14
4428,657313,[Ruminococcus] torques L2-14
4475,751585,Coprococcus sp. ART55/1
4492,186802,Eubacteriales
4772,186802,Eubacteriales
4797,536231,Roseburia intestinalis L1-82
4964,186802,Eubacteriales
5144,817,Bacteroides fragilis
5616,216851,Faecalibacterium
5624,186802,Eubacteriales
5718,186802,Eubacteriales
5844,186802,Eubacteriales
5899,1496,Clostridioides difficile
6250,186802,Eubacteriales
6510,186803,Lachnospiraceae
6684,186802,Eubacteriales
6774,2714355,Vescimonas coprocola
7108,2712698,Salaquimonas pukyongi
8698,186802,Eubacteriales
8749,186802,Eubacteriales
8807,186802,Eubacteriales
8969,186802,Eubacteriales
8979,186802,Eubacteriales
9045,186802,Eubacteriales
9149,2714355,Vescimonas coprocola
9168,186802,Eubacteriales
10504,186802,Eubacteriales
10621,751585,Coprococcus sp. ART55/1
10781,2093857,Dysosmobacter welbionis
11310,1496,Clostridioides difficile
11326,186802,Eubacteriales
11610,2714355,Vescimonas coprocola
11662,1496,Clostridioides difficile
11825,186802,Eubacteriales
12367,411486,Clostridium sp. M62/1
12378,186802,Eubacteriales
13142,2714355,Vescimonas coprocola
13313,186802,Eubacteriales
13585,186802,Eubacteriales
13591,186802,Eubacteriales
13970,186802,Eubacteriales
14068,2144175,Megasphaera stantonii
14358,186802,Eubacteriales
14426,186803,Lachnospiraceae
14611,410072,Coprococcus comes
14834,186802,Eubacteriales
15129,2086585,Christensenella sp. Marseille-P3954
15256,2763056,Oscillibacter sp. NSJ-62
15917,186803,Lachnospiraceae
16077,1871034,Vaginimicrobium propionicum
16345,2929488,Faecalibacterium sp. IP118
16513,186802,Eubacteriales
16829,186802,Eubacteriales
18163,186802,Eubacteriales
18207,186802,Eubacteriales
18213,186802,Eubacteriales
18367,751585,Coprococcus sp. ART55/1
18868,186802,Eubacteriales
19973,186802,Eubacteriales
20946,722911,Bifidobacterium longum subsp. longum F8
21282,411486,Clostridium sp. M62/1
21908,186802,Eubacteriales
22119,1297617,Intestinimonas butyriciproducens
22519,186803,Lachnospiraceae
22853,301301,Roseburia hominis
24495,1496,Clostridioides difficile
24685,186802,Eubacteriales
25383,1678,Bifidobacterium
26185,186802,Eubacteriales
NA,0,unclassified
