Node name,taxid,Taxa
375,371601,Bacteroides xylanisolvens
653,820,Bacteroides uniformis
788,371601,Bacteroides xylanisolvens
840,820,Bacteroides uniformis
1029,820,Bacteroides uniformis
1186,371601,Bacteroides xylanisolvens
1233,816,Bacteroides
1245,816,Bacteroides
1537,820,Bacteroides uniformis
1782,820,Bacteroides uniformis
1822,371601,Bacteroides xylanisolvens
2088,820,Bacteroides uniformis
2284,820,Bacteroides uniformis
2753,371601,Bacteroides xylanisolvens
3009,820,Bacteroides uniformis
3132,816,Bacteroides
3188,820,Bacteroides uniformis
3568,816,Bacteroides
3653,997890,Bacteroides uniformis CL03T12C37
3708,820,Bacteroides uniformis
3852,820,Bacteroides uniformis
3885,820,Bacteroides uniformis
3967,820,Bacteroides uniformis
4088,820,Bacteroides uniformis
4434,820,Bacteroides uniformis
4491,820,Bacteroides uniformis
4617,816,Bacteroides
5014,329854,Bacteroides intestinalis
5069,820,Bacteroides uniformis
5306,820,Bacteroides uniformis
6285,820,Bacteroides uniformis
6378,820,Bacteroides uniformis
7005,997890,Bacteroides uniformis CL03T12C37
NA,0,unclassified
