Node name,taxid,Taxa
63,976,Bacteroidetes
217,171549,Bacteroidales
413,2,Bacteria
434,171549,Bacteroidales
435,165179,Prevotella copri
477,976,Bacteroidetes
494,375288,Parabacteroides
495,838,Prevotella
602,2785531,Bacteroides sp. HF-162
791,171549,Bacteroidales
915,171549,Bacteroidales
987,171549,Bacteroidales
1036,165179,Prevotella copri
1053,171549,Bacteroidales
1090,171549,Bacteroidales
1133,976,Bacteroidetes
1296,171549,Bacteroidales
1641,171549,Bacteroidales
1721,171549,Bacteroidales
1734,171549,Bacteroidales
1837,821,Phocaeicola vulgatus
1848,171549,Bacteroidales
2091,976,Bacteroidetes
2305,28127,Prevotella buccalis
2338,171549,Bacteroidales
2412,821,Phocaeicola vulgatus
2531,171549,Bacteroidales
2552,171549,Bacteroidales
2606,171549,Bacteroidales
3108,165179,Prevotella copri
3425,171549,Bacteroidales
3657,171549,Bacteroidales
3868,821,Phocaeicola vulgatus
4251,375288,Parabacteroides
4281,171549,Bacteroidales
4421,976,Bacteroidetes
4429,171549,Bacteroidales
4448,815,Bacteroidaceae
4525,2785531,Bacteroides sp. HF-162
4527,976,Bacteroidetes
4908,165179,Prevotella copri
4974,821,Phocaeicola vulgatus
4998,976,Bacteroidetes
5117,171549,Bacteroidales
5213,171549,Bacteroidales
5255,171549,Bacteroidales
5492,976,Bacteroidetes
5780,165179,Prevotella copri
5865,171549,Bacteroidales
5998,537011,Prevotella copri DSM 18205
6441,171549,Bacteroidales
6509,171549,Bacteroidales
6602,171549,Bacteroidales
6983,171549,Bacteroidales
6998,821,Phocaeicola vulgatus
7044,816,Bacteroides
7370,2,Bacteria
7767,171549,Bacteroidales
8161,171549,Bacteroidales
8186,838,Prevotella
8479,171549,Bacteroidales
8483,171549,Bacteroidales
8984,28129,Prevotella denticola
9055,165179,Prevotella copri
9088,171549,Bacteroidales
9531,171549,Bacteroidales
9547,171549,Bacteroidales
9718,171549,Bacteroidales
9994,976,Bacteroidetes
10209,976,Bacteroidetes
10211,171549,Bacteroidales
10237,171549,Bacteroidales
10458,171549,Bacteroidales
10780,171549,Bacteroidales
11368,171549,Bacteroidales
11599,165179,Prevotella copri
11871,976,Bacteroidetes
11883,171549,Bacteroidales
12111,171549,Bacteroidales
12176,165179,Prevotella copri
12540,171549,Bacteroidales
12602,820,Bacteroides uniformis
12658,28127,Prevotella buccalis
13143,976,Bacteroidetes
13149,171549,Bacteroidales
13180,909656,Phocaeicola
13194,165179,Prevotella copri
13296,171549,Bacteroidales
13804,976,Bacteroidetes
13963,976,Bacteroidetes
14052,171549,Bacteroidales
14530,165179,Prevotella copri
14618,171549,Bacteroidales
14726,679935,Alistipes finegoldii DSM 17242
15429,171549,Bacteroidales
15469,171549,Bacteroidales
15501,815,Bacteroidaceae
15507,815,Bacteroidaceae
15564,171549,Bacteroidales
16145,537011,Prevotella copri DSM 18205
17560,171549,Bacteroidales
18291,976,Bacteroidetes
18679,171549,Bacteroidales
18733,371601,Bacteroides xylanisolvens
18819,171549,Bacteroidales
18951,171549,Bacteroidales
18998,821,Phocaeicola vulgatus
19033,976,Bacteroidetes
19998,171549,Bacteroidales
21061,838,Prevotella
21543,171549,Bacteroidales
21826,815,Bacteroidaceae
NA,0,unclassified
