Node name,taxid,Taxa
303,537011,Prevotella copri DSM 18205
660,171549,Bacteroidales
673,537011,Prevotella copri DSM 18205
761,165179,Prevotella copri
1223,165179,Prevotella copri
1354,537011,Prevotella copri DSM 18205
1687,28127,Prevotella buccalis
1747,165179,Prevotella copri
1803,165179,Prevotella copri
1811,165179,Prevotella copri
1819,165179,Prevotella copri
1972,537011,Prevotella copri DSM 18205
2000,537011,Prevotella copri DSM 18205
2008,165179,Prevotella copri
2408,171549,Bacteroidales
2507,165179,Prevotella copri
2525,165179,Prevotella copri
2630,171549,Bacteroidales
2747,171549,Bacteroidales
2856,165179,Prevotella copri
3018,816,Bacteroides
3205,1236517,Prevotella fusca JCM 17724
3234,537011,Prevotella copri DSM 18205
3273,165179,Prevotella copri
3395,537011,Prevotella copri DSM 18205
3516,537011,Prevotella copri DSM 18205
3701,537011,Prevotella copri DSM 18205
3707,165179,Prevotella copri
3746,537011,Prevotella copri DSM 18205
4019,171549,Bacteroidales
4197,537011,Prevotella copri DSM 18205
4288,171549,Bacteroidales
4410,171549,Bacteroidales
4744,165179,Prevotella copri
4782,165179,Prevotella copri
4959,65393,Gloeothece citriformis PCC 7424
5026,537011,Prevotella copri DSM 18205
5295,171549,Bacteroidales
5339,537011,Prevotella copri DSM 18205
5582,165179,Prevotella copri
5992,537011,Prevotella copri DSM 18205
6028,171549,Bacteroidales
6252,165179,Prevotella copri
6268,537011,Prevotella copri DSM 18205
6287,165179,Prevotella copri
6633,165179,Prevotella copri
6822,2763022,Bacteroides sp. M10
6904,537011,Prevotella copri DSM 18205
7105,165179,Prevotella copri
7248,537011,Prevotella copri DSM 18205
7259,537011,Prevotella copri DSM 18205
7718,165179,Prevotella copri
7862,537011,Prevotella copri DSM 18205
7912,537011,Prevotella copri DSM 18205
8100,537011,Prevotella copri DSM 18205
8160,165179,Prevotella copri
8208,165179,Prevotella copri
8222,171549,Bacteroidales
8265,537011,Prevotella copri DSM 18205
8312,371601,Bacteroides xylanisolvens
8460,537011,Prevotella copri DSM 18205
8471,239759,Alistipes
8984,537011,Prevotella copri DSM 18205
9473,165179,Prevotella copri
9592,537011,Prevotella copri DSM 18205
9715,537011,Prevotella copri DSM 18205
9851,165179,Prevotella copri
10018,171549,Bacteroidales
10193,165179,Prevotella copri
10509,838,Prevotella
10516,537011,Prevotella copri DSM 18205
10607,537011,Prevotella copri DSM 18205
10673,165179,Prevotella copri
10754,537011,Prevotella copri DSM 18205
11018,2763022,Bacteroides sp. M10
11062,165179,Prevotella copri
11316,165179,Prevotella copri
11728,165179,Prevotella copri
11783,165179,Prevotella copri
11834,537011,Prevotella copri DSM 18205
12129,537011,Prevotella copri DSM 18205
12174,171549,Bacteroidales
12312,371601,Bacteroides xylanisolvens
12318,537011,Prevotella copri DSM 18205
12381,165179,Prevotella copri
12858,816,Bacteroides
13318,165179,Prevotella copri
13381,537011,Prevotella copri DSM 18205
13400,537011,Prevotella copri DSM 18205
13536,171549,Bacteroidales
13628,171549,Bacteroidales
13755,171549,Bacteroidales
14059,165179,Prevotella copri
14264,537011,Prevotella copri DSM 18205
14595,171549,Bacteroidales
14882,717959,Alistipes shahii WAL 8301
14925,165179,Prevotella copri
15034,537011,Prevotella copri DSM 18205
15597,165179,Prevotella copri
15797,165179,Prevotella copri
15811,165179,Prevotella copri
16255,165179,Prevotella copri
16621,537011,Prevotella copri DSM 18205
16651,537011,Prevotella copri DSM 18205
16807,537011,Prevotella copri DSM 18205
16853,537011,Prevotella copri DSM 18205
17018,1177574,Prevotella jejuni
17088,165179,Prevotella copri
17175,165179,Prevotella copri
17178,28129,Prevotella denticola
17414,28127,Prevotella buccalis
17781,171549,Bacteroidales
17805,537011,Prevotella copri DSM 18205
17907,537011,Prevotella copri DSM 18205
17953,821,Phocaeicola vulgatus
18193,165179,Prevotella copri
18364,28127,Prevotella buccalis
18383,165179,Prevotella copri
18638,171549,Bacteroidales
18744,165179,Prevotella copri
18992,816,Bacteroides
19026,165179,Prevotella copri
19254,165179,Prevotella copri
19347,171549,Bacteroidales
19391,537011,Prevotella copri DSM 18205
19432,171549,Bacteroidales
19520,165179,Prevotella copri
19631,171549,Bacteroidales
19856,28127,Prevotella buccalis
19865,171549,Bacteroidales
19941,165179,Prevotella copri
19957,171549,Bacteroidales
19997,171549,Bacteroidales
20052,537011,Prevotella copri DSM 18205
20115,171549,Bacteroidales
20934,171549,Bacteroidales
20985,816,Bacteroides
20989,816,Bacteroides
21073,165179,Prevotella copri
21115,717959,Alistipes shahii WAL 8301
21248,171549,Bacteroidales
21814,165179,Prevotella copri
22004,165179,Prevotella copri
22165,537011,Prevotella copri DSM 18205
22235,537011,Prevotella copri DSM 18205
22274,165179,Prevotella copri
22418,165179,Prevotella copri
22604,165179,Prevotella copri
22685,537011,Prevotella copri DSM 18205
22782,171549,Bacteroidales
22836,165179,Prevotella copri
23067,537011,Prevotella copri DSM 18205
23129,537011,Prevotella copri DSM 18205
23188,537011,Prevotella copri DSM 18205
23192,171549,Bacteroidales
23263,165179,Prevotella copri
23372,165179,Prevotella copri
23506,537011,Prevotella copri DSM 18205
23556,537011,Prevotella copri DSM 18205
23567,717959,Alistipes shahii WAL 8301
23729,537011,Prevotella copri DSM 18205
24053,537011,Prevotella copri DSM 18205
24170,537011,Prevotella copri DSM 18205
24240,717959,Alistipes shahii WAL 8301
24707,537011,Prevotella copri DSM 18205
24711,28127,Prevotella buccalis
24759,171549,Bacteroidales
24911,165179,Prevotella copri
25374,165179,Prevotella copri
25408,2763022,Bacteroides sp. M10
25481,171549,Bacteroidales
25581,2763022,Bacteroides sp. M10
25773,171549,Bacteroidales
25806,171549,Bacteroidales
26179,165179,Prevotella copri
26222,537011,Prevotella copri DSM 18205
26336,165179,Prevotella copri
26452,165179,Prevotella copri
26798,537011,Prevotella copri DSM 18205
26894,171549,Bacteroidales
27481,165179,Prevotella copri
27540,537011,Prevotella copri DSM 18205
27696,165179,Prevotella copri
27740,165179,Prevotella copri
27766,1177574,Prevotella jejuni
27910,171549,Bacteroidales
28026,171552,Prevotellaceae
28170,171549,Bacteroidales
28542,717959,Alistipes shahii WAL 8301
28776,537011,Prevotella copri DSM 18205
28830,717959,Alistipes shahii WAL 8301
28834,2763022,Bacteroides sp. M10
28867,816,Bacteroides
29135,165179,Prevotella copri
29250,537011,Prevotella copri DSM 18205
29334,537011,Prevotella copri DSM 18205
29643,537011,Prevotella copri DSM 18205
29852,165179,Prevotella copri
29894,537011,Prevotella copri DSM 18205
30147,165179,Prevotella copri
30156,816,Bacteroides
30943,537011,Prevotella copri DSM 18205
31013,537011,Prevotella copri DSM 18205
31185,537011,Prevotella copri DSM 18205
31215,165179,Prevotella copri
31254,165179,Prevotella copri
31263,96345,Flavobacterium psychrophilum
31346,537011,Prevotella copri DSM 18205
31518,165179,Prevotella copri
31526,537011,Prevotella copri DSM 18205
31698,537011,Prevotella copri DSM 18205
31726,165179,Prevotella copri
31777,816,Bacteroides
31937,165179,Prevotella copri
32069,165179,Prevotella copri
32238,165179,Prevotella copri
32820,816,Bacteroides
32854,537011,Prevotella copri DSM 18205
33592,171549,Bacteroidales
33689,537011,Prevotella copri DSM 18205
33958,165179,Prevotella copri
33976,537011,Prevotella copri DSM 18205
33980,165179,Prevotella copri
34069,165179,Prevotella copri
34662,165179,Prevotella copri
34735,171549,Bacteroidales
35442,537011,Prevotella copri DSM 18205
35600,171549,Bacteroidales
35797,165179,Prevotella copri
35874,165179,Prevotella copri
36494,537011,Prevotella copri DSM 18205
37152,171549,Bacteroidales
37174,537011,Prevotella copri DSM 18205
37201,816,Bacteroides
37247,171549,Bacteroidales
37971,537011,Prevotella copri DSM 18205
38137,537011,Prevotella copri DSM 18205
38894,165179,Prevotella copri
39003,171549,Bacteroidales
39649,171549,Bacteroidales
39763,537011,Prevotella copri DSM 18205
39965,171549,Bacteroidales
40471,165179,Prevotella copri
40526,28127,Prevotella buccalis
40624,165179,Prevotella copri
40951,165179,Prevotella copri
40979,165179,Prevotella copri
40999,537011,Prevotella copri DSM 18205
41126,239759,Alistipes
41287,165179,Prevotella copri
41389,717959,Alistipes shahii WAL 8301
41764,537011,Prevotella copri DSM 18205
41807,1796613,Bacteroides caecimuris
42016,171549,Bacteroidales
42018,171549,Bacteroidales
42429,165179,Prevotella copri
42474,165179,Prevotella copri
42481,165179,Prevotella copri
42555,165179,Prevotella copri
42608,2763022,Bacteroides sp. M10
43339,816,Bacteroides
43522,537011,Prevotella copri DSM 18205
43575,165179,Prevotella copri
43753,165179,Prevotella copri
43882,171549,Bacteroidales
43942,165179,Prevotella copri
44065,537011,Prevotella copri DSM 18205
44137,537011,Prevotella copri DSM 18205
44188,165179,Prevotella copri
44295,717959,Alistipes shahii WAL 8301
44372,28127,Prevotella buccalis
44899,171549,Bacteroidales
45315,537011,Prevotella copri DSM 18205
45536,537011,Prevotella copri DSM 18205
45714,165179,Prevotella copri
45731,171549,Bacteroidales
45768,537011,Prevotella copri DSM 18205
47163,165179,Prevotella copri
47553,537011,Prevotella copri DSM 18205
47592,838,Prevotella
47834,816,Bacteroides
48023,537011,Prevotella copri DSM 18205
48389,537011,Prevotella copri DSM 18205
48702,171549,Bacteroidales
48783,165179,Prevotella copri
48924,9606,Homo sapiens
48933,165179,Prevotella copri
49042,165179,Prevotella copri
49161,165179,Prevotella copri
49885,9606,Homo sapiens
49940,537011,Prevotella copri DSM 18205
50063,171549,Bacteroidales
50299,537011,Prevotella copri DSM 18205
50592,816,Bacteroides
50767,537011,Prevotella copri DSM 18205
51175,537011,Prevotella copri DSM 18205
51411,537011,Prevotella copri DSM 18205
51520,537011,Prevotella copri DSM 18205
52068,165179,Prevotella copri
52256,165179,Prevotella copri
52339,1177574,Prevotella jejuni
52800,537011,Prevotella copri DSM 18205
52856,165179,Prevotella copri
53058,838,Prevotella
53073,165179,Prevotella copri
53770,171549,Bacteroidales
53820,537011,Prevotella copri DSM 18205
54680,165179,Prevotella copri
54894,537011,Prevotella copri DSM 18205
54959,171549,Bacteroidales
55027,1288121,Alistipes senegalensis
55480,537011,Prevotella copri DSM 18205
55764,537011,Prevotella copri DSM 18205
55989,165179,Prevotella copri
56123,165179,Prevotella copri
56240,165179,Prevotella copri
56473,171549,Bacteroidales
56497,537011,Prevotella copri DSM 18205
56561,537011,Prevotella copri DSM 18205
56570,717959,Alistipes shahii WAL 8301
56619,537011,Prevotella copri DSM 18205
56823,171549,Bacteroidales
57007,537011,Prevotella copri DSM 18205
57018,537011,Prevotella copri DSM 18205
57066,717959,Alistipes shahii WAL 8301
57112,816,Bacteroides
57242,1177574,Prevotella jejuni
57294,537011,Prevotella copri DSM 18205
57682,371601,Bacteroides xylanisolvens
57854,537011,Prevotella copri DSM 18205
58071,816,Bacteroides
58079,537011,Prevotella copri DSM 18205
58138,9606,Homo sapiens
58309,537011,Prevotella copri DSM 18205
58373,165179,Prevotella copri
58378,2763022,Bacteroides sp. M10
58422,165179,Prevotella copri
58482,717959,Alistipes shahii WAL 8301
58665,537011,Prevotella copri DSM 18205
58856,171549,Bacteroidales
59058,9606,Homo sapiens
59149,171549,Bacteroidales
59178,717959,Alistipes shahii WAL 8301
59363,165179,Prevotella copri
59369,171549,Bacteroidales
59672,537011,Prevotella copri DSM 18205
60218,171549,Bacteroidales
60794,165179,Prevotella copri
60861,165179,Prevotella copri
61031,816,Bacteroides
61215,537011,Prevotella copri DSM 18205
61266,537011,Prevotella copri DSM 18205
61278,165179,Prevotella copri
61614,165179,Prevotella copri
61675,537011,Prevotella copri DSM 18205
61830,171549,Bacteroidales
62042,165179,Prevotella copri
62063,165179,Prevotella copri
62289,171549,Bacteroidales
62306,537011,Prevotella copri DSM 18205
62437,165179,Prevotella copri
62448,165179,Prevotella copri
62481,165179,Prevotella copri
62499,165179,Prevotella copri
62698,165179,Prevotella copri
62756,165179,Prevotella copri
62981,165179,Prevotella copri
63195,537011,Prevotella copri DSM 18205
63598,537011,Prevotella copri DSM 18205
63984,702439,Prevotella nigrescens F0103
64261,537011,Prevotella copri DSM 18205
64504,165179,Prevotella copri
64810,165179,Prevotella copri
64863,537011,Prevotella copri DSM 18205
65028,165179,Prevotella copri
65601,171549,Bacteroidales
65727,816,Bacteroides
65747,537011,Prevotella copri DSM 18205
65829,537011,Prevotella copri DSM 18205
65960,165179,Prevotella copri
66271,171549,Bacteroidales
66682,717959,Alistipes shahii WAL 8301
66750,165179,Prevotella copri
66989,537011,Prevotella copri DSM 18205
67306,165179,Prevotella copri
67354,171549,Bacteroidales
67413,171549,Bacteroidales
67452,171549,Bacteroidales
67651,165179,Prevotella copri
68024,165179,Prevotella copri
68337,2763022,Bacteroides sp. M10
68679,165179,Prevotella copri
68714,165179,Prevotella copri
68760,165179,Prevotella copri
68923,816,Bacteroides
68933,816,Bacteroides
69631,165179,Prevotella copri
69753,165179,Prevotella copri
69802,2763022,Bacteroides sp. M10
69808,537011,Prevotella copri DSM 18205
70041,165179,Prevotella copri
70200,171549,Bacteroidales
70409,537011,Prevotella copri DSM 18205
70606,717959,Alistipes shahii WAL 8301
71029,165179,Prevotella copri
71132,171549,Bacteroidales
71401,537011,Prevotella copri DSM 18205
71491,171549,Bacteroidales
71501,171549,Bacteroidales
71597,537011,Prevotella copri DSM 18205
72142,371601,Bacteroides xylanisolvens
72202,2763022,Bacteroides sp. M10
72529,537011,Prevotella copri DSM 18205
73524,165179,Prevotella copri
73527,165179,Prevotella copri
73651,165179,Prevotella copri
74319,537011,Prevotella copri DSM 18205
74746,537011,Prevotella copri DSM 18205
74839,537011,Prevotella copri DSM 18205
74843,165179,Prevotella copri
74970,165179,Prevotella copri
75578,165179,Prevotella copri
75900,371601,Bacteroides xylanisolvens
75948,537011,Prevotella copri DSM 18205
75992,165179,Prevotella copri
76708,2763022,Bacteroides sp. M10
76838,28127,Prevotella buccalis
77412,816,Bacteroides
79238,371601,Bacteroides xylanisolvens
79788,537011,Prevotella copri DSM 18205
80088,537011,Prevotella copri DSM 18205
80414,165179,Prevotella copri
80444,165179,Prevotella copri
80505,537011,Prevotella copri DSM 18205
80699,816,Bacteroides
80919,165179,Prevotella copri
81357,171549,Bacteroidales
82211,171549,Bacteroidales
83047,2763022,Bacteroides sp. M10
83063,165179,Prevotella copri
83914,171549,Bacteroidales
83915,171549,Bacteroidales
84245,165179,Prevotella copri
84700,537011,Prevotella copri DSM 18205
84962,537011,Prevotella copri DSM 18205
85081,537011,Prevotella copri DSM 18205
85425,165179,Prevotella copri
86070,838,Prevotella
86166,717959,Alistipes shahii WAL 8301
86895,165179,Prevotella copri
87416,717959,Alistipes shahii WAL 8301
87657,171549,Bacteroidales
87759,165179,Prevotella copri
87790,838,Prevotella
87979,537011,Prevotella copri DSM 18205
88081,165179,Prevotella copri
88257,537011,Prevotella copri DSM 18205
88907,816,Bacteroides
89112,537011,Prevotella copri DSM 18205
89244,537011,Prevotella copri DSM 18205
90064,165179,Prevotella copri
90149,537011,Prevotella copri DSM 18205
90403,537011,Prevotella copri DSM 18205
90666,537011,Prevotella copri DSM 18205
90989,165179,Prevotella copri
91372,165179,Prevotella copri
92306,838,Prevotella
92584,371601,Bacteroides xylanisolvens
92760,537011,Prevotella copri DSM 18205
94273,537011,Prevotella copri DSM 18205
94671,2763022,Bacteroides sp. M10
95829,165179,Prevotella copri
95995,387090,Phocaeicola coprophilus
96118,171549,Bacteroidales
96630,537011,Prevotella copri DSM 18205
96762,171549,Bacteroidales
96790,171549,Bacteroidales
97881,537011,Prevotella copri DSM 18205
98026,537011,Prevotella copri DSM 18205
98297,171549,Bacteroidales
98483,537011,Prevotella copri DSM 18205
98548,165179,Prevotella copri
98771,165179,Prevotella copri
99134,537011,Prevotella copri DSM 18205
99664,171549,Bacteroidales
100025,165179,Prevotella copri
100308,537011,Prevotella copri DSM 18205
100536,165179,Prevotella copri
100578,171549,Bacteroidales
100585,171549,Bacteroidales
100605,717959,Alistipes shahii WAL 8301
100867,165179,Prevotella copri
101329,537011,Prevotella copri DSM 18205
102180,537011,Prevotella copri DSM 18205
102357,171549,Bacteroidales
102527,537011,Prevotella copri DSM 18205
103273,838,Prevotella
103636,1796613,Bacteroides caecimuris
103854,537011,Prevotella copri DSM 18205
104089,165179,Prevotella copri
107628,28127,Prevotella buccalis
107713,537011,Prevotella copri DSM 18205
108269,537011,Prevotella copri DSM 18205
108283,537011,Prevotella copri DSM 18205
108363,537011,Prevotella copri DSM 18205
108637,165179,Prevotella copri
108689,165179,Prevotella copri
108742,165179,Prevotella copri
108778,537011,Prevotella copri DSM 18205
108851,537011,Prevotella copri DSM 18205
109793,165179,Prevotella copri
111080,1177574,Prevotella jejuni
111384,165179,Prevotella copri
111708,165179,Prevotella copri
111949,537011,Prevotella copri DSM 18205
112462,165179,Prevotella copri
112545,816,Bacteroides
113095,537011,Prevotella copri DSM 18205
113529,537011,Prevotella copri DSM 18205
114184,165179,Prevotella copri
114215,717959,Alistipes shahii WAL 8301
115005,717959,Alistipes shahii WAL 8301
116138,537011,Prevotella copri DSM 18205
116925,537011,Prevotella copri DSM 18205
117427,171549,Bacteroidales
118118,165179,Prevotella copri
118222,165179,Prevotella copri
119993,816,Bacteroides
121078,537011,Prevotella copri DSM 18205
122424,171549,Bacteroidales
122632,165179,Prevotella copri
123735,537011,Prevotella copri DSM 18205
123750,537011,Prevotella copri DSM 18205
124293,537011,Prevotella copri DSM 18205
127226,537011,Prevotella copri DSM 18205
127979,171549,Bacteroidales
128685,171549,Bacteroidales
129078,537011,Prevotella copri DSM 18205
129692,171549,Bacteroidales
130252,171552,Prevotellaceae
130556,165179,Prevotella copri
130869,537011,Prevotella copri DSM 18205
130960,537011,Prevotella copri DSM 18205
135370,165179,Prevotella copri
135472,28111,Bacteroides eggerthii
135571,165179,Prevotella copri
135873,165179,Prevotella copri
139878,816,Bacteroides
141255,816,Bacteroides
144675,165179,Prevotella copri
NA,0,unclassified
