Node name,taxid,Taxa
688,216572,Oscillospiraceae
1137,116085,Coprococcus catus
1404,657314,Blautia obeum A2-162
1699,216851,Faecalibacterium
1746,1496,Clostridioides difficile
2384,39485,Lachnospira eligens
3127,1522,[Clostridium] innocuum
3898,2929491,Faecalibacterium sp. HTFF
4009,1737424,Blautia massiliensis
4588,1796620,Acutalibacter muris
4748,2763672,Simiaoa sunii
5532,1981510,Monoglobus pectinilyticus
6028,657314,Blautia obeum A2-162
6366,2929494,Faecalibacterium sp. I4179
7396,649756,Anaerostipes hadrus
7786,33038,[Ruminococcus] gnavus
7821,1502,Clostridium perfringens
8679,2929492,Faecalibacterium sp. I3333
8716,116085,Coprococcus catus
8721,853,Faecalibacterium prausnitzii
8917,166486,Roseburia intestinalis
9045,76857,Fusobacterium nucleatum subsp. polymorphum
9550,657313,[Ruminococcus] torques L2-14
9887,1522,[Clostridium] innocuum
9913,186803,Lachnospiraceae
9968,537007,Blautia hansenii DSM 20583
10209,186803,Lachnospiraceae
11084,722911,Bifidobacterium longum subsp. longum F8
11323,2763672,Simiaoa sunii
11335,216572,Oscillospiraceae
12334,657322,Faecalibacterium prausnitzii SL3/3
12949,2714358,Pusillibacter faecalis
12975,2779518,Blautia liquoris
13479,657315,Roseburia intestinalis M50/1
13856,561,Escherichia
13934,216572,Oscillospiraceae
14177,116085,Coprococcus catus
14562,116085,Coprococcus catus
15190,657313,[Ruminococcus] torques L2-14
15515,657313,[Ruminococcus] torques L2-14
15589,116085,Coprococcus catus
15735,186803,Lachnospiraceae
16621,2093857,Dysosmobacter welbionis
17051,853,Faecalibacterium prausnitzii
17966,39485,Lachnospira eligens
17986,1297617,Intestinimonas butyriciproducens
18042,1737424,Blautia massiliensis
18201,166486,Roseburia intestinalis
18442,216851,Faecalibacterium
18535,39485,Lachnospira eligens
18782,186803,Lachnospiraceae
19107,853,Faecalibacterium prausnitzii
19432,2582830,Enterococcus sp. M190262
19502,1796616,Blautia pseudococcoides
19972,536231,Roseburia intestinalis L1-82
20009,657314,Blautia obeum A2-162
20014,186803,Lachnospiraceae
20394,186803,Lachnospiraceae
20422,216572,Oscillospiraceae
20490,39488,Anaerobutyricum hallii
20675,657313,[Ruminococcus] torques L2-14
20842,216572,Oscillospiraceae
20935,186803,Lachnospiraceae
21383,657313,[Ruminococcus] torques L2-14
21575,216851,Faecalibacterium
22003,853,Faecalibacterium prausnitzii
22240,2093857,Dysosmobacter welbionis
22320,169435,Anaerotruncus colihominis
22537,186803,Lachnospiraceae
23160,853,Faecalibacterium prausnitzii
23272,116085,Coprococcus catus
23913,1307,Streptococcus suis
23934,537007,Blautia hansenii DSM 20583
24066,1796616,Blautia pseudococcoides
24416,657315,Roseburia intestinalis M50/1
25446,116085,Coprococcus catus
26160,2763672,Simiaoa sunii
26423,292800,Flavonifractor plautii
27112,186803,Lachnospiraceae
27478,216572,Oscillospiraceae
28079,536231,Roseburia intestinalis L1-82
28901,292800,Flavonifractor plautii
29187,1852373,Murdochiella vaginalis
30362,186826,Lactobacillales
30643,2929492,Faecalibacterium sp. I3333
30837,216572,Oscillospiraceae
31118,116085,Coprococcus catus
31235,2086585,Christensenella sp. Marseille-P3954
31730,1229621,Anaerostipes rhamnosivorans
31759,40041,Streptococcus equi subsp. zooepidemicus
33100,2929491,Faecalibacterium sp. HTFF
33351,216851,Faecalibacterium
34838,562,Escherichia coli
34905,1912897,Blautia argi
34951,194,Campylobacter
35016,301301,Roseburia hominis
35124,39485,Lachnospira eligens
35303,216851,Faecalibacterium
35560,2841528,Eubacterium sp. MSJ-33
35739,186803,Lachnospiraceae
35982,1796620,Acutalibacter muris
37927,116085,Coprococcus catus
38299,572511,Blautia
38303,718255,Roseburia intestinalis XB6B4
39448,186803,Lachnospiraceae
39637,536231,Roseburia intestinalis L1-82
40911,186803,Lachnospiraceae
41027,216572,Oscillospiraceae
41335,186803,Lachnospiraceae
42513,186803,Lachnospiraceae
43819,186803,Lachnospiraceae
45184,1326,Streptococcus acidominimus
45398,657314,Blautia obeum A2-162
45484,657322,Faecalibacterium prausnitzii SL3/3
46035,216572,Oscillospiraceae
46154,186803,Lachnospiraceae
47239,1852373,Murdochiella vaginalis
47242,186803,Lachnospiraceae
48035,39488,Anaerobutyricum hallii
50578,572511,Blautia
50715,572511,Blautia
50787,1912897,Blautia argi
50837,116085,Coprococcus catus
51644,116085,Coprococcus catus
51811,116085,Coprococcus catus
52078,2604941,Pseudomonas sp. C27(2019)
52350,657322,Faecalibacterium prausnitzii SL3/3
53125,39485,Lachnospira eligens
53558,2763672,Simiaoa sunii
54649,657314,Blautia obeum A2-162
55385,536231,Roseburia intestinalis L1-82
55480,216851,Faecalibacterium
57028,186803,Lachnospiraceae
59085,2714353,Vescimonas fastidiosa
59126,2479767,Blautia sp. SC05B48
59515,39488,Anaerobutyricum hallii
60394,2929492,Faecalibacterium sp. I3333
60872,186803,Lachnospiraceae
60977,1682,Bifidobacterium longum subsp. infantis
61698,186803,Lachnospiraceae
62031,39485,Lachnospira eligens
62386,410072,Coprococcus comes
63341,1522,[Clostridium] innocuum
64304,116085,Coprococcus catus
64563,649756,Anaerostipes hadrus
64764,116085,Coprococcus catus
64857,423211,Streptococcus suis GZ1
65874,1304,Streptococcus salivarius
66059,1505663,Erysipelatoclostridium
66227,657314,Blautia obeum A2-162
66809,292800,Flavonifractor plautii
67236,88431,Dorea longicatena
67663,116085,Coprococcus catus
67827,216851,Faecalibacterium
67879,186803,Lachnospiraceae
68138,1796616,Blautia pseudococcoides
68669,657314,Blautia obeum A2-162
68909,2497860,Cellulosilyticum sp. WCF-2
70228,216851,Faecalibacterium
70599,116085,Coprococcus catus
71378,841,Roseburia
71890,116085,Coprococcus catus
71893,657313,[Ruminococcus] torques L2-14
73241,186803,Lachnospiraceae
73680,186803,Lachnospiraceae
75034,186803,Lachnospiraceae
75243,116085,Coprococcus catus
76811,572511,Blautia
77049,2763672,Simiaoa sunii
77872,1496,Clostridioides difficile
78526,197,Campylobacter jejuni
79254,536231,Roseburia intestinalis L1-82
79857,572511,Blautia
81098,853,Faecalibacterium prausnitzii
81571,2764325,Eubacterium sp. NSJ-61
81606,186803,Lachnospiraceae
82740,536231,Roseburia intestinalis L1-82
82844,657313,[Ruminococcus] torques L2-14
83891,1352,Enterococcus faecium
84590,2763672,Simiaoa sunii
85113,186803,Lachnospiraceae
85230,2479767,Blautia sp. SC05B48
85456,572511,Blautia
85544,208479,Enterocloster bolteae
86481,186803,Lachnospiraceae
86507,186803,Lachnospiraceae
87113,657314,Blautia obeum A2-162
87472,39488,Anaerobutyricum hallii
88809,166486,Roseburia intestinalis
90038,1496,Clostridioides difficile
90066,2841528,Eubacterium sp. MSJ-33
90260,2086585,Christensenella sp. Marseille-P3954
91029,216572,Oscillospiraceae
91824,1496,Clostridioides difficile
92352,166486,Roseburia intestinalis
92390,186803,Lachnospiraceae
92930,186803,Lachnospiraceae
93084,1737424,Blautia massiliensis
93235,536231,Roseburia intestinalis L1-82
93517,186803,Lachnospiraceae
94462,116085,Coprococcus catus
94903,1229621,Anaerostipes rhamnosivorans
95023,537007,Blautia hansenii DSM 20583
95430,657314,Blautia obeum A2-162
97388,216851,Faecalibacterium
98281,572511,Blautia
99213,1326,Streptococcus acidominimus
99800,536231,Roseburia intestinalis L1-82
100361,853,Faecalibacterium prausnitzii
102533,186803,Lachnospiraceae
103281,1496,Clostridioides difficile
104338,2714355,Vescimonas coprocola
104519,186803,Lachnospiraceae
105137,657313,[Ruminococcus] torques L2-14
105177,2929492,Faecalibacterium sp. I3333
105367,1871034,Vaginimicrobium propionicum
105458,39488,Anaerobutyricum hallii
106298,301301,Roseburia hominis
111972,536231,Roseburia intestinalis L1-82
112719,722911,Bifidobacterium longum subsp. longum F8
115307,216572,Oscillospiraceae
117283,186803,Lachnospiraceae
119772,186803,Lachnospiraceae
120155,39488,Anaerobutyricum hallii
120223,841,Roseburia
122423,1522,[Clostridium] innocuum
124058,39485,Lachnospira eligens
127787,536231,Roseburia intestinalis L1-82
128253,39488,Anaerobutyricum hallii
128609,2929491,Faecalibacterium sp. HTFF
129740,536231,Roseburia intestinalis L1-82
130483,1737424,Blautia massiliensis
131120,116085,Coprococcus catus
133508,1547,Erysipelatoclostridium ramosum
138481,2763672,Simiaoa sunii
139134,186803,Lachnospiraceae
139297,169435,Anaerotruncus colihominis
140316,1496,Clostridioides difficile
142429,2479767,Blautia sp. SC05B48
142666,116085,Coprococcus catus
147105,2929492,Faecalibacterium sp. I3333
152261,718252,Faecalibacterium prausnitzii L2-6
158573,186803,Lachnospiraceae
NA,0,unclassified
