Node name,taxid,Taxa
273,216851,Faecalibacterium
444,411486,Clostridium sp. M62/1
514,1496,Clostridioides difficile
561,2714355,Vescimonas coprocola
800,216851,Faecalibacterium
987,186803,Lachnospiraceae
1076,657322,Faecalibacterium prausnitzii SL3/3
1088,2929494,Faecalibacterium sp. I4179
1216,216572,Oscillospiraceae
1291,657322,Faecalibacterium prausnitzii SL3/3
1572,626937,Christensenella minuta
1584,216572,Oscillospiraceae
1679,1871021,Lachnoclostridium phocaeense
1949,657322,Faecalibacterium prausnitzii SL3/3
2001,186803,Lachnospiraceae
2014,853,Faecalibacterium prausnitzii
2036,216851,Faecalibacterium
2057,2929494,Faecalibacterium sp. I4179
2068,216572,Oscillospiraceae
2121,2093857,Dysosmobacter welbionis
2151,411486,Clostridium sp. M62/1
2161,2929495,Faecalibacterium sp. I4384
2164,1680,Bifidobacterium adolescentis
2250,29347,[Clostridium] scindens
2308,194,Campylobacter
2387,2764325,Eubacterium sp. NSJ-61
2434,2929495,Faecalibacterium sp. I4384
2491,186826,Lactobacillales
2575,718252,Faecalibacterium prausnitzii L2-6
2610,657322,Faecalibacterium prausnitzii SL3/3
2649,1522,[Clostridium] innocuum
2700,1871021,Lachnoclostridium phocaeense
2719,216572,Oscillospiraceae
2733,216572,Oscillospiraceae
3008,2764325,Eubacterium sp. NSJ-61
3032,208479,Enterocloster bolteae
3064,84030,Lacrimispora saccharolytica
3093,2929494,Faecalibacterium sp. I4179
3112,2714353,Vescimonas fastidiosa
3150,1871021,Lachnoclostridium phocaeense
3194,657322,Faecalibacterium prausnitzii SL3/3
3267,853,Faecalibacterium prausnitzii
3400,166486,Roseburia intestinalis
3488,2929494,Faecalibacterium sp. I4179
3513,1796635,Longicatena caecimuris
3517,853,Faecalibacterium prausnitzii
3531,853,Faecalibacterium prausnitzii
3616,1496,Clostridioides difficile
3754,1522,[Clostridium] innocuum
3928,511,Alcaligenes faecalis
3938,853,Faecalibacterium prausnitzii
3998,2714353,Vescimonas fastidiosa
4028,2929494,Faecalibacterium sp. I4179
4088,216572,Oscillospiraceae
4186,2929494,Faecalibacterium sp. I4179
4320,1522,[Clostridium] innocuum
4399,194,Campylobacter
4480,216851,Faecalibacterium
4499,1680,Bifidobacterium adolescentis
4766,208479,Enterocloster bolteae
4955,2929495,Faecalibacterium sp. I4384
5095,853,Faecalibacterium prausnitzii
5149,1496,Clostridioides difficile
5385,2714355,Vescimonas coprocola
5395,1522,[Clostridium] innocuum
5496,216572,Oscillospiraceae
5499,1871021,Lachnoclostridium phocaeense
5622,216851,Faecalibacterium
5695,1680,Bifidobacterium adolescentis
5977,216572,Oscillospiraceae
5987,216572,Oscillospiraceae
6026,536231,Roseburia intestinalis L1-82
6030,86416,Clostridium pasteurianum BC1
6115,216572,Oscillospiraceae
6154,216851,Faecalibacterium
6185,1796635,Longicatena caecimuris
6339,657322,Faecalibacterium prausnitzii SL3/3
6343,2763670,Wujia chipingensis
6372,657322,Faecalibacterium prausnitzii SL3/3
6416,84030,Lacrimispora saccharolytica
6462,1496,Clostridioides difficile
6600,718252,Faecalibacterium prausnitzii L2-6
6733,1297617,Intestinimonas butyriciproducens
6934,1496,Clostridioides difficile
7085,536231,Roseburia intestinalis L1-82
7332,82135,Fannyhessea vaginae
7370,1496,Clostridioides difficile
7391,1496,Clostridioides difficile
7462,2929492,Faecalibacterium sp. I3333
7598,1522,[Clostridium] innocuum
7635,657322,Faecalibacterium prausnitzii SL3/3
7764,82135,Fannyhessea vaginae
7845,853,Faecalibacterium prausnitzii
8085,1796635,Longicatena caecimuris
8246,2823316,Faecalicatena sp. Marseille-Q4148
8269,216851,Faecalibacterium
8287,411474,Coprococcus eutactus ATCC 27759
8324,1522,[Clostridium] innocuum
8365,697329,Ruminococcus albus 7 = DSM 20455
8511,216572,Oscillospiraceae
8542,216851,Faecalibacterium
8562,626937,Christensenella minuta
8578,2714353,Vescimonas fastidiosa
8588,2714353,Vescimonas fastidiosa
8828,657322,Faecalibacterium prausnitzii SL3/3
8833,84030,Lacrimispora saccharolytica
8835,626937,Christensenella minuta
8932,657322,Faecalibacterium prausnitzii SL3/3
8987,626937,Christensenella minuta
9042,657322,Faecalibacterium prausnitzii SL3/3
9075,2714353,Vescimonas fastidiosa
9105,1522,[Clostridium] innocuum
9237,2714355,Vescimonas coprocola
9330,853,Faecalibacterium prausnitzii
9397,2823316,Faecalicatena sp. Marseille-Q4148
9460,216851,Faecalibacterium
9560,2714353,Vescimonas fastidiosa
9602,1496,Clostridioides difficile
9636,216851,Faecalibacterium
9668,29347,[Clostridium] scindens
9720,1522,[Clostridium] innocuum
9841,216572,Oscillospiraceae
9871,536231,Roseburia intestinalis L1-82
9923,216851,Faecalibacterium
9981,216572,Oscillospiraceae
10053,216572,Oscillospiraceae
10230,186803,Lachnospiraceae
10447,194,Campylobacter
10535,626937,Christensenella minuta
10619,216572,Oscillospiraceae
10624,2764325,Eubacterium sp. NSJ-61
10887,2714353,Vescimonas fastidiosa
10967,2929494,Faecalibacterium sp. I4179
11015,1297617,Intestinimonas butyriciproducens
11064,2929495,Faecalibacterium sp. I4384
11098,1297617,Intestinimonas butyriciproducens
11133,1680,Bifidobacterium adolescentis
11317,2929494,Faecalibacterium sp. I4179
11593,216851,Faecalibacterium
11772,1796620,Acutalibacter muris
11783,1522,[Clostridium] innocuum
11917,51515,Dehalobacterium formicoaceticum
11949,657322,Faecalibacterium prausnitzii SL3/3
12018,166486,Roseburia intestinalis
12076,1297617,Intestinimonas butyriciproducens
12256,216851,Faecalibacterium
12310,853,Faecalibacterium prausnitzii
12449,2714355,Vescimonas coprocola
12519,2714355,Vescimonas coprocola
12748,1522,[Clostridium] innocuum
12812,2929495,Faecalibacterium sp. I4384
12955,1522,[Clostridium] innocuum
12959,1522,[Clostridium] innocuum
12961,2714355,Vescimonas coprocola
12963,216851,Faecalibacterium
13003,2093857,Dysosmobacter welbionis
13035,2929495,Faecalibacterium sp. I4384
13050,88431,Dorea longicatena
13077,216572,Oscillospiraceae
13172,536231,Roseburia intestinalis L1-82
13451,216572,Oscillospiraceae
14118,1496,Clostridioides difficile
14308,1297617,Intestinimonas butyriciproducens
14522,186817,Bacillaceae
14824,1737424,Blautia massiliensis
15230,2823316,Faecalicatena sp. Marseille-Q4148
15307,216572,Oscillospiraceae
15506,2929495,Faecalibacterium sp. I4384
15766,657314,Blautia obeum A2-162
16270,2764325,Eubacterium sp. NSJ-61
16346,216572,Oscillospiraceae
16394,411486,Clostridium sp. M62/1
16588,194,Campylobacter
16904,2764325,Eubacterium sp. NSJ-61
17228,657322,Faecalibacterium prausnitzii SL3/3
17446,186803,Lachnospiraceae
17657,216851,Faecalibacterium
17712,1297617,Intestinimonas butyriciproducens
17810,1307,Streptococcus suis
17880,216851,Faecalibacterium
18011,1522,[Clostridium] innocuum
18290,1496,Clostridioides difficile
18306,2714355,Vescimonas coprocola
18310,216851,Faecalibacterium
18384,216572,Oscillospiraceae
18563,84030,Lacrimispora saccharolytica
18791,194,Campylobacter
18855,1496,Clostridioides difficile
18891,1522,[Clostridium] innocuum
18966,718252,Faecalibacterium prausnitzii L2-6
19124,208479,Enterocloster bolteae
19224,216572,Oscillospiraceae
19259,2929494,Faecalibacterium sp. I4179
19499,2764325,Eubacterium sp. NSJ-61
19667,197,Campylobacter jejuni
19743,208479,Enterocloster bolteae
19803,2714355,Vescimonas coprocola
19825,2714353,Vescimonas fastidiosa
19828,1547,Erysipelatoclostridium ramosum
19855,216572,Oscillospiraceae
19920,2823316,Faecalicatena sp. Marseille-Q4148
20081,1680,Bifidobacterium adolescentis
20110,186803,Lachnospiraceae
20131,1496,Clostridioides difficile
20140,2929495,Faecalibacterium sp. I4384
20187,2583452,Amedibacterium intestinale
20203,2583452,Amedibacterium intestinale
20235,2093857,Dysosmobacter welbionis
20407,216851,Faecalibacterium
20487,186803,Lachnospiraceae
20723,216572,Oscillospiraceae
20805,718252,Faecalibacterium prausnitzii L2-6
20897,194,Campylobacter
20996,1680,Bifidobacterium adolescentis
21050,216572,Oscillospiraceae
21106,208479,Enterocloster bolteae
21126,657322,Faecalibacterium prausnitzii SL3/3
21174,216572,Oscillospiraceae
21228,853,Faecalibacterium prausnitzii
21237,2763670,Wujia chipingensis
21281,2714355,Vescimonas coprocola
21346,216572,Oscillospiraceae
21356,166486,Roseburia intestinalis
21444,853,Faecalibacterium prausnitzii
21446,853,Faecalibacterium prausnitzii
21544,216851,Faecalibacterium
21611,2929492,Faecalibacterium sp. I3333
21675,216851,Faecalibacterium
21703,292800,Flavonifractor plautii
21854,216851,Faecalibacterium
22026,216851,Faecalibacterium
22090,1496,Clostridioides difficile
22185,216851,Faecalibacterium
22225,208479,Enterocloster bolteae
22331,1069534,Ligilactobacillus ruminis ATCC 27782
22602,410072,Coprococcus comes
22668,1522,[Clostridium] innocuum
22716,1522,[Clostridium] innocuum
22822,2282849,Paenibacillus sp. H1-7
22942,1522,[Clostridium] innocuum
23073,1871021,Lachnoclostridium phocaeense
23087,216851,Faecalibacterium
23175,216572,Oscillospiraceae
23334,1522,[Clostridium] innocuum
23533,1680,Bifidobacterium adolescentis
23691,216851,Faecalibacterium
23715,2929489,Faecalibacterium sp. IP329
23732,1297617,Intestinimonas butyriciproducens
23739,1522,[Clostridium] innocuum
23806,657322,Faecalibacterium prausnitzii SL3/3
23882,216572,Oscillospiraceae
23912,216851,Faecalibacterium
23952,216572,Oscillospiraceae
24058,853,Faecalibacterium prausnitzii
24255,216572,Oscillospiraceae
24568,2714355,Vescimonas coprocola
24851,216851,Faecalibacterium
25052,216572,Oscillospiraceae
25185,536231,Roseburia intestinalis L1-82
25201,1326,Streptococcus acidominimus
25360,216572,Oscillospiraceae
25487,186803,Lachnospiraceae
25676,1496,Clostridioides difficile
25683,1522,[Clostridium] innocuum
25891,657322,Faecalibacterium prausnitzii SL3/3
25950,2714355,Vescimonas coprocola
26184,216572,Oscillospiraceae
26220,166486,Roseburia intestinalis
26447,718255,Roseburia intestinalis XB6B4
26592,1522,[Clostridium] innocuum
26892,194,Campylobacter
26910,216851,Faecalibacterium
27138,1522,[Clostridium] innocuum
27176,657322,Faecalibacterium prausnitzii SL3/3
27214,2714355,Vescimonas coprocola
27343,657315,Roseburia intestinalis M50/1
27375,216572,Oscillospiraceae
27472,853,Faecalibacterium prausnitzii
27723,1522,[Clostridium] innocuum
27776,2823316,Faecalicatena sp. Marseille-Q4148
28056,2714353,Vescimonas fastidiosa
28057,216851,Faecalibacterium
28074,216851,Faecalibacterium
28245,1297617,Intestinimonas butyriciproducens
28260,84030,Lacrimispora saccharolytica
28531,1522,[Clostridium] innocuum
28535,1522,[Clostridium] innocuum
28543,853,Faecalibacterium prausnitzii
28557,216572,Oscillospiraceae
28640,1871021,Lachnoclostridium phocaeense
28826,1522,[Clostridium] innocuum
28853,1522,[Clostridium] innocuum
28860,411474,Coprococcus eutactus ATCC 27759
29102,1852373,Murdochiella vaginalis
29140,166486,Roseburia intestinalis
29232,657322,Faecalibacterium prausnitzii SL3/3
29241,29347,[Clostridium] scindens
29396,2929494,Faecalibacterium sp. I4179
29461,2093857,Dysosmobacter welbionis
29543,1297617,Intestinimonas butyriciproducens
29974,216572,Oscillospiraceae
30089,1547,Erysipelatoclostridium ramosum
30220,411486,Clostridium sp. M62/1
30285,1522,[Clostridium] innocuum
30316,216572,Oscillospiraceae
30513,718252,Faecalibacterium prausnitzii L2-6
30619,186803,Lachnospiraceae
30641,216851,Faecalibacterium
30666,1522,[Clostridium] innocuum
31507,1297617,Intestinimonas butyriciproducens
31635,2714355,Vescimonas coprocola
31810,657322,Faecalibacterium prausnitzii SL3/3
31869,166486,Roseburia intestinalis
32106,51515,Dehalobacterium formicoaceticum
32378,1522,[Clostridium] innocuum
32478,2929495,Faecalibacterium sp. I4384
32587,88431,Dorea longicatena
32827,216572,Oscillospiraceae
33021,1522,[Clostridium] innocuum
33031,1871021,Lachnoclostridium phocaeense
33117,1737424,Blautia massiliensis
33119,2093857,Dysosmobacter welbionis
33254,216851,Faecalibacterium
33284,410072,Coprococcus comes
33347,2714355,Vescimonas coprocola
33403,2646395,unclassified Faecalibacterium
33434,1307,Streptococcus suis
34164,186803,Lachnospiraceae
34268,84030,Lacrimispora saccharolytica
34309,2714353,Vescimonas fastidiosa
34472,216851,Faecalibacterium
34488,1496,Clostridioides difficile
34587,1297617,Intestinimonas butyriciproducens
34625,657322,Faecalibacterium prausnitzii SL3/3
34733,216572,Oscillospiraceae
34806,1796635,Longicatena caecimuris
35075,2093857,Dysosmobacter welbionis
35146,194,Campylobacter
35501,657322,Faecalibacterium prausnitzii SL3/3
35856,2714353,Vescimonas fastidiosa
35865,2714353,Vescimonas fastidiosa
35906,2714353,Vescimonas fastidiosa
36121,536231,Roseburia intestinalis L1-82
36168,2823316,Faecalicatena sp. Marseille-Q4148
36249,657322,Faecalibacterium prausnitzii SL3/3
36328,717960,Faecalitalea cylindroides T2-87
36737,1522,[Clostridium] innocuum
36851,84030,Lacrimispora saccharolytica
36916,216572,Oscillospiraceae
37203,411486,Clostridium sp. M62/1
37287,1522,[Clostridium] innocuum
37300,216851,Faecalibacterium
37367,536231,Roseburia intestinalis L1-82
37369,292800,Flavonifractor plautii
37387,657322,Faecalibacterium prausnitzii SL3/3
37391,657322,Faecalibacterium prausnitzii SL3/3
37611,718252,Faecalibacterium prausnitzii L2-6
37619,718252,Faecalibacterium prausnitzii L2-6
37737,2823316,Faecalicatena sp. Marseille-Q4148
37903,657322,Faecalibacterium prausnitzii SL3/3
38358,194,Campylobacter
38370,2823316,Faecalicatena sp. Marseille-Q4148
38573,853,Faecalibacterium prausnitzii
38605,2929495,Faecalibacterium sp. I4384
38759,1301,Streptococcus
38845,216851,Faecalibacterium
38893,2714353,Vescimonas fastidiosa
39018,29347,[Clostridium] scindens
39039,2929494,Faecalibacterium sp. I4179
39050,657315,Roseburia intestinalis M50/1
39220,216572,Oscillospiraceae
39465,2929494,Faecalibacterium sp. I4179
39596,186803,Lachnospiraceae
39911,2714355,Vescimonas coprocola
39930,166486,Roseburia intestinalis
40092,2714353,Vescimonas fastidiosa
40247,216572,Oscillospiraceae
40286,2714355,Vescimonas coprocola
40709,853,Faecalibacterium prausnitzii
41194,1680,Bifidobacterium adolescentis
41244,2086584,Massilistercora timonensis
41279,216572,Oscillospiraceae
41482,2714355,Vescimonas coprocola
41957,853,Faecalibacterium prausnitzii
41993,194,Campylobacter
42114,536231,Roseburia intestinalis L1-82
42187,2714353,Vescimonas fastidiosa
42517,2093857,Dysosmobacter welbionis
42527,2093857,Dysosmobacter welbionis
42621,1796635,Longicatena caecimuris
42896,216851,Faecalibacterium
43192,2714353,Vescimonas fastidiosa
43202,1496,Clostridioides difficile
43226,216572,Oscillospiraceae
43276,1297617,Intestinimonas butyriciproducens
43307,194,Campylobacter
43357,853,Faecalibacterium prausnitzii
43413,208479,Enterocloster bolteae
43452,82135,Fannyhessea vaginae
43583,657322,Faecalibacterium prausnitzii SL3/3
43705,186803,Lachnospiraceae
43757,2646395,unclassified Faecalibacterium
43801,2714353,Vescimonas fastidiosa
43805,216572,Oscillospiraceae
44139,216572,Oscillospiraceae
44168,1522,[Clostridium] innocuum
44211,2714353,Vescimonas fastidiosa
44356,1297617,Intestinimonas butyriciproducens
44367,186803,Lachnospiraceae
44638,853,Faecalibacterium prausnitzii
44662,33035,Blautia producta
44795,657322,Faecalibacterium prausnitzii SL3/3
44860,166486,Roseburia intestinalis
45079,1297617,Intestinimonas butyriciproducens
45231,216851,Faecalibacterium
45470,194,Campylobacter
45528,186803,Lachnospiraceae
45544,2929495,Faecalibacterium sp. I4384
45778,216572,Oscillospiraceae
45852,216851,Faecalibacterium
46481,1547,Erysipelatoclostridium ramosum
46487,1522,[Clostridium] innocuum
46515,2823316,Faecalicatena sp. Marseille-Q4148
46670,853,Faecalibacterium prausnitzii
46975,1522,[Clostridium] innocuum
47326,411486,Clostridium sp. M62/1
47602,216572,Oscillospiraceae
47958,718252,Faecalibacterium prausnitzii L2-6
48139,216851,Faecalibacterium
48145,853,Faecalibacterium prausnitzii
48290,1496,Clostridioides difficile
48301,657322,Faecalibacterium prausnitzii SL3/3
48385,169435,Anaerotruncus colihominis
48788,1496,Clostridioides difficile
49196,216572,Oscillospiraceae
49242,536231,Roseburia intestinalis L1-82
49277,1297617,Intestinimonas butyriciproducens
49581,657322,Faecalibacterium prausnitzii SL3/3
49681,2929494,Faecalibacterium sp. I4179
49931,2763670,Wujia chipingensis
49969,718252,Faecalibacterium prausnitzii L2-6
49983,2929495,Faecalibacterium sp. I4384
50124,853,Faecalibacterium prausnitzii
50729,84030,Lacrimispora saccharolytica
50829,194,Campylobacter
50835,1297617,Intestinimonas butyriciproducens
50873,216572,Oscillospiraceae
50915,2714355,Vescimonas coprocola
51073,853,Faecalibacterium prausnitzii
51431,216572,Oscillospiraceae
51472,536231,Roseburia intestinalis L1-82
51516,1680,Bifidobacterium adolescentis
51815,216851,Faecalibacterium
51826,216572,Oscillospiraceae
51991,186803,Lachnospiraceae
52175,2714353,Vescimonas fastidiosa
52440,194,Campylobacter
52689,1297617,Intestinimonas butyriciproducens
52882,216851,Faecalibacterium
52990,216572,Oscillospiraceae
53228,2764325,Eubacterium sp. NSJ-61
53265,216572,Oscillospiraceae
53320,1522,[Clostridium] innocuum
53507,1871021,Lachnoclostridium phocaeense
53733,657315,Roseburia intestinalis M50/1
53832,1796635,Longicatena caecimuris
54150,216572,Oscillospiraceae
54193,216851,Faecalibacterium
54313,216851,Faecalibacterium
54470,216851,Faecalibacterium
54641,1301,Streptococcus
54756,2093857,Dysosmobacter welbionis
54793,2823316,Faecalicatena sp. Marseille-Q4148
54869,216572,Oscillospiraceae
55039,718252,Faecalibacterium prausnitzii L2-6
55066,2764325,Eubacterium sp. NSJ-61
55241,1522,[Clostridium] innocuum
55278,853,Faecalibacterium prausnitzii
55436,657322,Faecalibacterium prausnitzii SL3/3
55484,2093857,Dysosmobacter welbionis
55690,853,Faecalibacterium prausnitzii
55735,216851,Faecalibacterium
55880,166486,Roseburia intestinalis
55979,411486,Clostridium sp. M62/1
56077,216572,Oscillospiraceae
56208,208479,Enterocloster bolteae
56570,657313,[Ruminococcus] torques L2-14
56614,2714353,Vescimonas fastidiosa
56654,194,Campylobacter
56725,2764325,Eubacterium sp. NSJ-61
56794,1680,Bifidobacterium adolescentis
56948,2929494,Faecalibacterium sp. I4179
57283,1496,Clostridioides difficile
57848,216572,Oscillospiraceae
58288,718252,Faecalibacterium prausnitzii L2-6
58379,718252,Faecalibacterium prausnitzii L2-6
58607,216572,Oscillospiraceae
58742,657322,Faecalibacterium prausnitzii SL3/3
58953,2763672,Simiaoa sunii
59538,195,Campylobacter coli
59805,853,Faecalibacterium prausnitzii
60486,2763670,Wujia chipingensis
61171,2714353,Vescimonas fastidiosa
61243,657322,Faecalibacterium prausnitzii SL3/3
61283,1522,[Clostridium] innocuum
61322,2646395,unclassified Faecalibacterium
61529,626937,Christensenella minuta
61606,853,Faecalibacterium prausnitzii
61876,216572,Oscillospiraceae
62083,657322,Faecalibacterium prausnitzii SL3/3
62583,657322,Faecalibacterium prausnitzii SL3/3
63128,536231,Roseburia intestinalis L1-82
63189,2929495,Faecalibacterium sp. I4384
63291,216572,Oscillospiraceae
63558,1522,[Clostridium] innocuum
63739,2929494,Faecalibacterium sp. I4179
64112,1796635,Longicatena caecimuris
64732,626937,Christensenella minuta
64778,853,Faecalibacterium prausnitzii
65084,2929495,Faecalibacterium sp. I4384
65188,1496,Clostridioides difficile
65216,216572,Oscillospiraceae
65563,216572,Oscillospiraceae
65579,2764325,Eubacterium sp. NSJ-61
65739,1871021,Lachnoclostridium phocaeense
65887,1496,Clostridioides difficile
65904,216572,Oscillospiraceae
65961,1871021,Lachnoclostridium phocaeense
66193,853,Faecalibacterium prausnitzii
66243,853,Faecalibacterium prausnitzii
66283,86332,Mogibacterium pumilum
66352,216572,Oscillospiraceae
66481,718252,Faecalibacterium prausnitzii L2-6
66595,194,Campylobacter
67037,216572,Oscillospiraceae
67509,216572,Oscillospiraceae
67979,216816,Bifidobacterium longum
68103,1496,Clostridioides difficile
68551,2764325,Eubacterium sp. NSJ-61
68735,216851,Faecalibacterium
68961,2929495,Faecalibacterium sp. I4384
69527,216572,Oscillospiraceae
69638,84030,Lacrimispora saccharolytica
69694,2929495,Faecalibacterium sp. I4384
69740,657322,Faecalibacterium prausnitzii SL3/3
69764,2714353,Vescimonas fastidiosa
70256,194,Campylobacter
70316,1297617,Intestinimonas butyriciproducens
70483,1871021,Lachnoclostridium phocaeense
71043,536231,Roseburia intestinalis L1-82
71643,216572,Oscillospiraceae
71653,536231,Roseburia intestinalis L1-82
71692,853,Faecalibacterium prausnitzii
71693,1496,Clostridioides difficile
71741,2714355,Vescimonas coprocola
71803,208479,Enterocloster bolteae
72265,2764325,Eubacterium sp. NSJ-61
72525,194,Campylobacter
72889,718252,Faecalibacterium prausnitzii L2-6
73246,1522,[Clostridium] innocuum
74191,116085,Coprococcus catus
74238,216572,Oscillospiraceae
74450,216851,Faecalibacterium
74582,216572,Oscillospiraceae
74694,216572,Oscillospiraceae
74972,194,Campylobacter
75134,216572,Oscillospiraceae
75210,216572,Oscillospiraceae
75582,2714353,Vescimonas fastidiosa
75964,186803,Lachnospiraceae
76133,216851,Faecalibacterium
76164,2646395,unclassified Faecalibacterium
76252,2714355,Vescimonas coprocola
76280,1796635,Longicatena caecimuris
76286,216572,Oscillospiraceae
76441,853,Faecalibacterium prausnitzii
76452,301301,Roseburia hominis
76574,2093857,Dysosmobacter welbionis
76770,216572,Oscillospiraceae
76776,718252,Faecalibacterium prausnitzii L2-6
77217,657322,Faecalibacterium prausnitzii SL3/3
77274,194,Campylobacter
77349,1522,[Clostridium] innocuum
77413,1301,Streptococcus
77501,1229621,Anaerostipes rhamnosivorans
77784,292800,Flavonifractor plautii
77801,1297617,Intestinimonas butyriciproducens
77977,411486,Clostridium sp. M62/1
78149,84030,Lacrimispora saccharolytica
78365,853,Faecalibacterium prausnitzii
78784,657322,Faecalibacterium prausnitzii SL3/3
79198,1522,[Clostridium] innocuum
79446,853,Faecalibacterium prausnitzii
79473,216572,Oscillospiraceae
79485,216572,Oscillospiraceae
80081,186803,Lachnospiraceae
80400,1496,Clostridioides difficile
80704,2823316,Faecalicatena sp. Marseille-Q4148
80728,301301,Roseburia hominis
80783,2830675,Dysosmobacter sp. Marseille-Q4140
81961,216572,Oscillospiraceae
82212,2086584,Massilistercora timonensis
82294,2086584,Massilistercora timonensis
82583,2929495,Faecalibacterium sp. I4384
82658,2929494,Faecalibacterium sp. I4179
83058,2714355,Vescimonas coprocola
83094,216851,Faecalibacterium
83112,216572,Oscillospiraceae
83187,216572,Oscillospiraceae
83890,1522,[Clostridium] innocuum
83988,1522,[Clostridium] innocuum
84725,626937,Christensenella minuta
85379,853,Faecalibacterium prausnitzii
85527,1871021,Lachnoclostridium phocaeense
85852,853,Faecalibacterium prausnitzii
85877,1522,[Clostridium] innocuum
87545,216572,Oscillospiraceae
87629,2764325,Eubacterium sp. NSJ-61
87855,216572,Oscillospiraceae
87951,216572,Oscillospiraceae
88233,166486,Roseburia intestinalis
88268,536231,Roseburia intestinalis L1-82
88603,2093857,Dysosmobacter welbionis
88911,853,Faecalibacterium prausnitzii
89033,216572,Oscillospiraceae
89319,2507161,Tissierella sp. JN-28
89867,853,Faecalibacterium prausnitzii
90004,411486,Clostridium sp. M62/1
90155,84030,Lacrimispora saccharolytica
90407,301301,Roseburia hominis
90620,1522,[Clostridium] innocuum
90749,536231,Roseburia intestinalis L1-82
90818,216851,Faecalibacterium
91751,657322,Faecalibacterium prausnitzii SL3/3
92883,292800,Flavonifractor plautii
93292,216572,Oscillospiraceae
94898,1496,Clostridioides difficile
95170,216572,Oscillospiraceae
95234,2929492,Faecalibacterium sp. I3333
95343,853,Faecalibacterium prausnitzii
95595,186803,Lachnospiraceae
96298,411486,Clostridium sp. M62/1
96516,216851,Faecalibacterium
97611,2764325,Eubacterium sp. NSJ-61
98219,1834196,Lachnoclostridium sp. YL32
98225,1496,Clostridioides difficile
98307,1547,Erysipelatoclostridium ramosum
98365,657322,Faecalibacterium prausnitzii SL3/3
99172,1496,Clostridioides difficile
99342,853,Faecalibacterium prausnitzii
99381,216572,Oscillospiraceae
100002,208479,Enterocloster bolteae
100135,216572,Oscillospiraceae
100576,2093857,Dysosmobacter welbionis
101063,33035,Blautia producta
102744,853,Faecalibacterium prausnitzii
103027,208479,Enterocloster bolteae
103586,186803,Lachnospiraceae
104024,1496,Clostridioides difficile
104494,1522,[Clostridium] innocuum
104999,1522,[Clostridium] innocuum
105466,301301,Roseburia hominis
106529,1522,[Clostridium] innocuum
106872,536231,Roseburia intestinalis L1-82
106879,2929494,Faecalibacterium sp. I4179
107510,2929494,Faecalibacterium sp. I4179
109159,1522,[Clostridium] innocuum
109395,342950,Parashewanella spongiae
110785,657322,Faecalibacterium prausnitzii SL3/3
111070,1297617,Intestinimonas butyriciproducens
113587,39485,Lachnospira eligens
115320,2093857,Dysosmobacter welbionis
115954,216851,Faecalibacterium
116610,216572,Oscillospiraceae
117147,84030,Lacrimispora saccharolytica
118197,1871021,Lachnoclostridium phocaeense
121427,186803,Lachnospiraceae
122326,216572,Oscillospiraceae
122332,853,Faecalibacterium prausnitzii
NA,0,unclassified
