Node name,taxid,Taxa
107,186802,Eubacteriales
268,1496,Clostridioides difficile
479,186802,Eubacteriales
507,1496,Clostridioides difficile
624,1297617,Intestinimonas butyriciproducens
684,186802,Eubacteriales
706,216572,Oscillospiraceae
861,1496,Clostridioides difficile
917,216851,Faecalibacterium
1020,216572,Oscillospiraceae
1062,411474,Coprococcus eutactus ATCC 27759
1099,292800,Flavonifractor plautii
1178,186802,Eubacteriales
1256,216572,Oscillospiraceae
1573,1297617,Intestinimonas butyriciproducens
1696,1297617,Intestinimonas butyriciproducens
1706,186802,Eubacteriales
1863,1871021,Lachnoclostridium phocaeense
1900,216572,Oscillospiraceae
1919,2714355,Vescimonas coprocola
1956,2714355,Vescimonas coprocola
2008,2093857,Dysosmobacter welbionis
2164,186802,Eubacteriales
2235,853,Faecalibacterium prausnitzii
2347,186802,Eubacteriales
2378,216851,Faecalibacterium
2476,216572,Oscillospiraceae
2483,2929492,Faecalibacterium sp. I3333
2782,657314,Blautia obeum A2-162
2860,186802,Eubacteriales
3016,1496,Clostridioides difficile
3175,1506553,Lachnoclostridium
3577,186802,Eubacteriales
3697,186803,Lachnospiraceae
3724,186802,Eubacteriales
3845,216851,Faecalibacterium
3914,2929495,Faecalibacterium sp. I4384
3918,2086585,Christensenella sp. Marseille-P3954
4102,1297617,Intestinimonas butyriciproducens
4121,186802,Eubacteriales
4161,1522,[Clostridium] innocuum
4245,216851,Faecalibacterium
4277,216572,Oscillospiraceae
4313,2763056,Oscillibacter sp. NSJ-62
4318,657314,Blautia obeum A2-162
4451,216572,Oscillospiraceae
4478,2041044,Eubacterium maltosivorans
4516,2764325,Eubacterium sp. NSJ-61
4734,84030,Lacrimispora saccharolytica
4748,2714355,Vescimonas coprocola
4806,2714353,Vescimonas fastidiosa
5065,853,Faecalibacterium prausnitzii
5074,1297617,Intestinimonas butyriciproducens
5319,186802,Eubacteriales
5559,1496,Clostridioides difficile
5762,186802,Eubacteriales
6019,2763056,Oscillibacter sp. NSJ-62
6176,2929494,Faecalibacterium sp. I4179
6400,186802,Eubacteriales
6403,186802,Eubacteriales
6527,186802,Eubacteriales
6600,657322,Faecalibacterium prausnitzii SL3/3
6609,216851,Faecalibacterium
6645,186802,Eubacteriales
6749,1297617,Intestinimonas butyriciproducens
6910,1297617,Intestinimonas butyriciproducens
6978,216851,Faecalibacterium
7004,853,Faecalibacterium prausnitzii
7072,2714358,Pusillibacter faecalis
7327,1605,Ligilactobacillus animalis
7433,186803,Lachnospiraceae
7640,869209,Treponema succinifaciens DSM 2489
7689,186802,Eubacteriales
7766,186802,Eubacteriales
7819,853,Faecalibacterium prausnitzii
7913,186802,Eubacteriales
7977,2093857,Dysosmobacter welbionis
7994,84030,Lacrimispora saccharolytica
8296,186802,Eubacteriales
8398,1496,Clostridioides difficile
8401,186802,Eubacteriales
8427,1871021,Lachnoclostridium phocaeense
8640,216851,Faecalibacterium
8701,1661,Trueperella pyogenes
8769,186802,Eubacteriales
8869,186802,Eubacteriales
9119,186802,Eubacteriales
9181,216572,Oscillospiraceae
9184,2714355,Vescimonas coprocola
9271,1871021,Lachnoclostridium phocaeense
9304,186802,Eubacteriales
9474,216851,Faecalibacterium
9743,186802,Eubacteriales
9755,301301,Roseburia hominis
10112,84030,Lacrimispora saccharolytica
10161,537007,Blautia hansenii DSM 20583
10169,216851,Faecalibacterium
10179,292800,Flavonifractor plautii
10621,2646395,unclassified Faecalibacterium
10708,186802,Eubacteriales
10878,186802,Eubacteriales
10879,536231,Roseburia intestinalis L1-82
10892,216572,Oscillospiraceae
10908,216572,Oscillospiraceae
10980,216851,Faecalibacterium
11156,186802,Eubacteriales
11265,2714358,Pusillibacter faecalis
11322,2591381,Dysosmobacter
11426,657313,[Ruminococcus] torques L2-14
11429,853,Faecalibacterium prausnitzii
11450,186802,Eubacteriales
11470,657313,[Ruminococcus] torques L2-14
11626,186802,Eubacteriales
11715,186802,Eubacteriales
11749,853,Faecalibacterium prausnitzii
11820,853,Faecalibacterium prausnitzii
12077,2929495,Faecalibacterium sp. I4384
12085,186802,Eubacteriales
12101,2564099,Ruminococcus bovis
12240,186802,Eubacteriales
12307,2764325,Eubacterium sp. NSJ-61
12395,1796635,Longicatena caecimuris
12508,536231,Roseburia intestinalis L1-82
12535,186802,Eubacteriales
12568,216851,Faecalibacterium
12677,722911,Bifidobacterium longum subsp. longum F8
12769,186802,Eubacteriales
12811,186802,Eubacteriales
13067,216572,Oscillospiraceae
13085,1297617,Intestinimonas butyriciproducens
13313,2086585,Christensenella sp. Marseille-P3954
13325,216851,Faecalibacterium
13344,1522,[Clostridium] innocuum
13410,186802,Eubacteriales
13449,186802,Eubacteriales
13460,186802,Eubacteriales
13680,186802,Eubacteriales
13720,411486,Clostridium sp. M62/1
13822,2646395,unclassified Faecalibacterium
13844,186802,Eubacteriales
13927,718252,Faecalibacterium prausnitzii L2-6
13939,216851,Faecalibacterium
13957,216851,Faecalibacterium
14039,2646395,unclassified Faecalibacterium
14068,186802,Eubacteriales
14132,2763672,Simiaoa sunii
14142,411470,[Ruminococcus] gnavus ATCC 29149
14464,216851,Faecalibacterium
14494,2086585,Christensenella sp. Marseille-P3954
14680,2714353,Vescimonas fastidiosa
14764,1297617,Intestinimonas butyriciproducens
14769,2646395,unclassified Faecalibacterium
14777,186802,Eubacteriales
14836,2714355,Vescimonas coprocola
14872,216572,Oscillospiraceae
14887,186802,Eubacteriales
14988,1522,[Clostridium] innocuum
15079,216851,Faecalibacterium
15248,216572,Oscillospiraceae
15283,536231,Roseburia intestinalis L1-82
15390,186802,Eubacteriales
15443,216572,Oscillospiraceae
15527,853,Faecalibacterium prausnitzii
15533,2929495,Faecalibacterium sp. I4384
15811,186802,Eubacteriales
15821,1834196,Lachnoclostridium sp. YL32
15841,186802,Eubacteriales
15874,186803,Lachnospiraceae
15922,2763672,Simiaoa sunii
16112,216572,Oscillospiraceae
16142,186802,Eubacteriales
16211,186802,Eubacteriales
16281,1297617,Intestinimonas butyriciproducens
16541,2041044,Eubacterium maltosivorans
16562,216851,Faecalibacterium
16853,216851,Faecalibacterium
16880,292800,Flavonifractor plautii
16913,853,Faecalibacterium prausnitzii
17002,1297617,Intestinimonas butyriciproducens
17037,216851,Faecalibacterium
17050,186802,Eubacteriales
17077,186802,Eubacteriales
17089,1297617,Intestinimonas butyriciproducens
17105,1297617,Intestinimonas butyriciproducens
17242,186802,Eubacteriales
17384,2086585,Christensenella sp. Marseille-P3954
17629,537007,Blautia hansenii DSM 20583
17846,216851,Faecalibacterium
17862,186802,Eubacteriales
17917,186802,Eubacteriales
18234,186802,Eubacteriales
18252,2714353,Vescimonas fastidiosa
18462,718252,Faecalibacterium prausnitzii L2-6
18608,1496,Clostridioides difficile
18642,216851,Faecalibacterium
18932,853,Faecalibacterium prausnitzii
19210,216851,Faecalibacterium
19220,2929491,Faecalibacterium sp. HTFF
19502,216851,Faecalibacterium
19652,1496,Clostridioides difficile
19744,186802,Eubacteriales
19881,216851,Faecalibacterium
19905,1522,[Clostridium] innocuum
19971,2093857,Dysosmobacter welbionis
20032,186802,Eubacteriales
20064,423211,Streptococcus suis GZ1
20203,186802,Eubacteriales
20287,216572,Oscillospiraceae
20505,84030,Lacrimispora saccharolytica
20531,216851,Faecalibacterium
20572,1496,Clostridioides difficile
20597,2714358,Pusillibacter faecalis
20689,216572,Oscillospiraceae
20695,186802,Eubacteriales
20699,1496,Clostridioides difficile
20819,853,Faecalibacterium prausnitzii
20845,853,Faecalibacterium prausnitzii
21136,186802,Eubacteriales
21434,2764325,Eubacterium sp. NSJ-61
21471,216851,Faecalibacterium
21508,216851,Faecalibacterium
21563,186802,Eubacteriales
21582,216851,Faecalibacterium
21617,186802,Eubacteriales
21663,853,Faecalibacterium prausnitzii
21734,186802,Eubacteriales
21841,216851,Faecalibacterium
21857,216851,Faecalibacterium
21876,216851,Faecalibacterium
22185,186802,Eubacteriales
22587,82135,Fannyhessea vaginae
22614,186802,Eubacteriales
22630,186802,Eubacteriales
22760,216851,Faecalibacterium
22799,1297617,Intestinimonas butyriciproducens
22990,1550024,Ruthenibacterium lactatiformans
23043,216851,Faecalibacterium
23108,186802,Eubacteriales
23369,1871021,Lachnoclostridium phocaeense
23435,657314,Blautia obeum A2-162
23502,216851,Faecalibacterium
23556,186802,Eubacteriales
23665,216572,Oscillospiraceae
23786,216851,Faecalibacterium
24132,2086585,Christensenella sp. Marseille-P3954
24479,292800,Flavonifractor plautii
24491,216851,Faecalibacterium
24551,853,Faecalibacterium prausnitzii
24553,169435,Anaerotruncus colihominis
24596,216851,Faecalibacterium
24751,2144175,Megasphaera stantonii
24764,186802,Eubacteriales
24781,1297617,Intestinimonas butyriciproducens
24811,216851,Faecalibacterium
24929,1550024,Ruthenibacterium lactatiformans
25254,186802,Eubacteriales
25318,186802,Eubacteriales
25336,186802,Eubacteriales
25486,2086585,Christensenella sp. Marseille-P3954
25610,1661,Trueperella pyogenes
25672,186802,Eubacteriales
25775,186802,Eubacteriales
25817,186802,Eubacteriales
25954,216851,Faecalibacterium
26011,1297617,Intestinimonas butyriciproducens
26208,216572,Oscillospiraceae
26215,2714358,Pusillibacter faecalis
26240,216572,Oscillospiraceae
26256,2929489,Faecalibacterium sp. IP329
26515,2714355,Vescimonas coprocola
26522,186802,Eubacteriales
26679,216572,Oscillospiraceae
26703,853,Faecalibacterium prausnitzii
26961,216851,Faecalibacterium
27239,186802,Eubacteriales
27266,292800,Flavonifractor plautii
27352,2763056,Oscillibacter sp. NSJ-62
27364,538999,Eubacteriales incertae sedis
27422,186802,Eubacteriales
27580,2086585,Christensenella sp. Marseille-P3954
27617,2646395,unclassified Faecalibacterium
27725,186802,Eubacteriales
27840,1661,Trueperella pyogenes
28068,1297617,Intestinimonas butyriciproducens
28151,186802,Eubacteriales
28153,186802,Eubacteriales
28240,853,Faecalibacterium prausnitzii
28263,186802,Eubacteriales
28267,2763056,Oscillibacter sp. NSJ-62
28379,84030,Lacrimispora saccharolytica
28398,216851,Faecalibacterium
28438,216851,Faecalibacterium
28583,216851,Faecalibacterium
28603,1986204,Brevefilum fermentans
28795,1297617,Intestinimonas butyriciproducens
28875,2929495,Faecalibacterium sp. I4384
28922,186802,Eubacteriales
28936,718252,Faecalibacterium prausnitzii L2-6
29068,1496,Clostridioides difficile
29357,216851,Faecalibacterium
29381,216851,Faecalibacterium
29446,186802,Eubacteriales
29454,186802,Eubacteriales
29487,216851,Faecalibacterium
29490,186802,Eubacteriales
29781,186802,Eubacteriales
30177,186802,Eubacteriales
30198,216851,Faecalibacterium
30524,216572,Oscillospiraceae
30562,869209,Treponema succinifaciens DSM 2489
30766,186802,Eubacteriales
30838,2929495,Faecalibacterium sp. I4384
30952,657313,[Ruminococcus] torques L2-14
31077,2929494,Faecalibacterium sp. I4179
31155,216851,Faecalibacterium
31178,29546,Lawsonia intracellularis
31411,186802,Eubacteriales
31495,186802,Eubacteriales
31565,186802,Eubacteriales
31599,1871021,Lachnoclostridium phocaeense
31779,216572,Oscillospiraceae
31793,186802,Eubacteriales
32020,186802,Eubacteriales
32117,1522,[Clostridium] innocuum
32323,2646395,unclassified Faecalibacterium
32442,186802,Eubacteriales
32621,1297617,Intestinimonas butyriciproducens
32627,216572,Oscillospiraceae
32664,1531,Enterocloster clostridioformis
32766,216572,Oscillospiraceae
32942,1297617,Intestinimonas butyriciproducens
32957,216572,Oscillospiraceae
33255,423211,Streptococcus suis GZ1
33326,186802,Eubacteriales
33520,186802,Eubacteriales
33629,186802,Eubacteriales
33840,186802,Eubacteriales
34036,186802,Eubacteriales
34316,28025,Bifidobacterium animalis
34317,186802,Eubacteriales
34344,411486,Clostridium sp. M62/1
34605,186802,Eubacteriales
34644,1522,[Clostridium] innocuum
34906,1496,Clostridioides difficile
34993,216572,Oscillospiraceae
35137,216572,Oscillospiraceae
35441,2763056,Oscillibacter sp. NSJ-62
35503,216572,Oscillospiraceae
35631,186802,Eubacteriales
35639,186802,Eubacteriales
35658,536231,Roseburia intestinalis L1-82
35694,1522,[Clostridium] innocuum
35812,2763056,Oscillibacter sp. NSJ-62
35867,1550024,Ruthenibacterium lactatiformans
35879,2714355,Vescimonas coprocola
36025,1297617,Intestinimonas butyriciproducens
36286,216572,Oscillospiraceae
36611,216851,Faecalibacterium
36624,216572,Oscillospiraceae
36667,853,Faecalibacterium prausnitzii
36759,1661,Trueperella pyogenes
36820,853,Faecalibacterium prausnitzii
37325,2507161,Tissierella sp. JN-28
37428,2646395,unclassified Faecalibacterium
37434,186802,Eubacteriales
37559,216851,Faecalibacterium
37907,657313,[Ruminococcus] torques L2-14
37913,216572,Oscillospiraceae
37982,853,Faecalibacterium prausnitzii
38044,216851,Faecalibacterium
38172,853,Faecalibacterium prausnitzii
38218,657322,Faecalibacterium prausnitzii SL3/3
38386,216572,Oscillospiraceae
38410,216851,Faecalibacterium
38589,536231,Roseburia intestinalis L1-82
38603,84030,Lacrimispora saccharolytica
38867,657314,Blautia obeum A2-162
38874,186802,Eubacteriales
38881,1496,Clostridioides difficile
38933,186802,Eubacteriales
39013,186802,Eubacteriales
39043,2714355,Vescimonas coprocola
39130,1661,Trueperella pyogenes
39297,186802,Eubacteriales
39339,722911,Bifidobacterium longum subsp. longum F8
39704,216851,Faecalibacterium
39726,301301,Roseburia hominis
40063,718252,Faecalibacterium prausnitzii L2-6
40071,216851,Faecalibacterium
40249,1297617,Intestinimonas butyriciproducens
40304,1661,Trueperella pyogenes
40412,869209,Treponema succinifaciens DSM 2489
40430,292800,Flavonifractor plautii
40624,657314,Blautia obeum A2-162
40690,536231,Roseburia intestinalis L1-82
41048,853,Faecalibacterium prausnitzii
41063,853,Faecalibacterium prausnitzii
41402,2086585,Christensenella sp. Marseille-P3954
41413,853,Faecalibacterium prausnitzii
41621,1661,Trueperella pyogenes
42127,216572,Oscillospiraceae
42212,2714358,Pusillibacter faecalis
42262,186802,Eubacteriales
42700,186802,Eubacteriales
42865,1496,Clostridioides difficile
42894,216851,Faecalibacterium
43172,186802,Eubacteriales
43353,423211,Streptococcus suis GZ1
43383,2714358,Pusillibacter faecalis
43547,1297617,Intestinimonas butyriciproducens
43787,216572,Oscillospiraceae
43879,186802,Eubacteriales
43899,216572,Oscillospiraceae
43930,2714355,Vescimonas coprocola
44090,853,Faecalibacterium prausnitzii
44569,186802,Eubacteriales
44684,2929494,Faecalibacterium sp. I4179
45012,2929494,Faecalibacterium sp. I4179
45127,2093857,Dysosmobacter welbionis
45257,186802,Eubacteriales
45455,186802,Eubacteriales
45527,2714355,Vescimonas coprocola
45616,216572,Oscillospiraceae
45877,186802,Eubacteriales
46266,1522,[Clostridium] innocuum
46720,186802,Eubacteriales
46891,1871021,Lachnoclostridium phocaeense
47107,853,Faecalibacterium prausnitzii
47233,186802,Eubacteriales
47318,186802,Eubacteriales
47400,186802,Eubacteriales
47450,1297617,Intestinimonas butyriciproducens
47670,186802,Eubacteriales
47886,216851,Faecalibacterium
47950,186803,Lachnospiraceae
48706,1531,Enterocloster clostridioformis
49011,216851,Faecalibacterium
49503,186802,Eubacteriales
50130,1297617,Intestinimonas butyriciproducens
50288,186802,Eubacteriales
50343,1547,Erysipelatoclostridium ramosum
50521,186802,Eubacteriales
50525,1871021,Lachnoclostridium phocaeense
50623,657314,Blautia obeum A2-162
50771,2763056,Oscillibacter sp. NSJ-62
52639,186802,Eubacteriales
52974,208479,Enterocloster bolteae
53175,216572,Oscillospiraceae
53586,186802,Eubacteriales
53607,2929495,Faecalibacterium sp. I4384
53612,116085,Coprococcus catus
53687,169435,Anaerotruncus colihominis
53794,186802,Eubacteriales
53911,853,Faecalibacterium prausnitzii
54079,186802,Eubacteriales
54238,186802,Eubacteriales
54265,2763056,Oscillibacter sp. NSJ-62
54614,186802,Eubacteriales
54771,1531429,Berryella intestinalis
54792,186802,Eubacteriales
54973,186802,Eubacteriales
55153,536231,Roseburia intestinalis L1-82
55349,186802,Eubacteriales
55547,186802,Eubacteriales
55554,216851,Faecalibacterium
55703,1661,Trueperella pyogenes
55802,1496,Clostridioides difficile
56207,1661,Trueperella pyogenes
56467,186802,Eubacteriales
56631,1496,Clostridioides difficile
56772,1496,Clostridioides difficile
56900,216572,Oscillospiraceae
57119,536231,Roseburia intestinalis L1-82
57165,216572,Oscillospiraceae
57182,536231,Roseburia intestinalis L1-82
57292,216572,Oscillospiraceae
57367,208479,Enterocloster bolteae
57662,116085,Coprococcus catus
58111,186802,Eubacteriales
58234,186803,Lachnospiraceae
58895,186802,Eubacteriales
58987,1661,Trueperella pyogenes
59185,2714353,Vescimonas fastidiosa
59385,2929494,Faecalibacterium sp. I4179
59413,186802,Eubacteriales
59432,186802,Eubacteriales
59486,216572,Oscillospiraceae
59508,1522,[Clostridium] innocuum
59686,2086585,Christensenella sp. Marseille-P3954
60123,2929494,Faecalibacterium sp. I4179
60271,186802,Eubacteriales
60463,186802,Eubacteriales
60886,1297617,Intestinimonas butyriciproducens
61398,186802,Eubacteriales
61660,423211,Streptococcus suis GZ1
62025,216572,Oscillospiraceae
62622,216851,Faecalibacterium
63094,536231,Roseburia intestinalis L1-82
63352,186802,Eubacteriales
63732,657313,[Ruminococcus] torques L2-14
63791,1297617,Intestinimonas butyriciproducens
63992,216851,Faecalibacterium
64067,216572,Oscillospiraceae
64553,116085,Coprococcus catus
64574,186802,Eubacteriales
64908,216572,Oscillospiraceae
64935,216851,Faecalibacterium
65761,186802,Eubacteriales
66309,1297617,Intestinimonas butyriciproducens
66715,1297617,Intestinimonas butyriciproducens
68559,186802,Eubacteriales
69040,853,Faecalibacterium prausnitzii
69321,216572,Oscillospiraceae
69391,1297617,Intestinimonas butyriciproducens
69401,186802,Eubacteriales
69550,186802,Eubacteriales
70718,216572,Oscillospiraceae
70725,1547,Erysipelatoclostridium ramosum
70819,186802,Eubacteriales
71026,1522,[Clostridium] innocuum
71755,216851,Faecalibacterium
72339,2714355,Vescimonas coprocola
72546,216572,Oscillospiraceae
72811,1297617,Intestinimonas butyriciproducens
72865,208479,Enterocloster bolteae
72985,186802,Eubacteriales
73237,216851,Faecalibacterium
73416,2714358,Pusillibacter faecalis
74142,186802,Eubacteriales
74752,2714353,Vescimonas fastidiosa
75187,186802,Eubacteriales
75510,186802,Eubacteriales
75905,718252,Faecalibacterium prausnitzii L2-6
75973,2714355,Vescimonas coprocola
76356,216851,Faecalibacterium
76657,1661,Trueperella pyogenes
76931,216572,Oscillospiraceae
76959,84030,Lacrimispora saccharolytica
77229,2714355,Vescimonas coprocola
77491,186802,Eubacteriales
78111,186802,Eubacteriales
78219,84030,Lacrimispora saccharolytica
78263,1871021,Lachnoclostridium phocaeense
78506,1531,Enterocloster clostridioformis
78916,186802,Eubacteriales
79501,186802,Eubacteriales
80219,186802,Eubacteriales
80332,216851,Faecalibacterium
80785,216572,Oscillospiraceae
82013,186803,Lachnospiraceae
82872,2093857,Dysosmobacter welbionis
83011,216572,Oscillospiraceae
83513,2763056,Oscillibacter sp. NSJ-62
84129,1598,Limosilactobacillus reuteri
84438,1496,Clostridioides difficile
84702,2086584,Massilistercora timonensis
84773,216572,Oscillospiraceae
85789,216572,Oscillospiraceae
86189,186802,Eubacteriales
86339,1297617,Intestinimonas butyriciproducens
86559,216572,Oscillospiraceae
86748,657315,Roseburia intestinalis M50/1
88326,292800,Flavonifractor plautii
88481,216572,Oscillospiraceae
92183,186802,Eubacteriales
92312,216572,Oscillospiraceae
92699,2780922,Solibaculum mannosilyticum
NA,0,unclassified
