Node name,taxid,Taxa
120,165179,Prevotella copri
254,537011,Prevotella copri DSM 18205
287,537011,Prevotella copri DSM 18205
412,838,Prevotella
495,165179,Prevotella copri
522,537011,Prevotella copri DSM 18205
791,216851,Faecalibacterium
814,537011,Prevotella copri DSM 18205
907,216851,Faecalibacterium
923,838,Prevotella
955,165179,Prevotella copri
961,165179,Prevotella copri
1106,165179,Prevotella copri
1144,165179,Prevotella copri
1270,46503,Parabacteroides merdae
1354,165179,Prevotella copri
1407,2585117,Alistipes onderdonkii subsp. vulgaris
1416,1642647,Proteiniphilum saccharofermentans
1448,165179,Prevotella copri
1694,537011,Prevotella copri DSM 18205
1695,537011,Prevotella copri DSM 18205
1862,165179,Prevotella copri
1902,537011,Prevotella copri DSM 18205
1977,216851,Faecalibacterium
2262,165179,Prevotella copri
2284,165179,Prevotella copri
2366,216851,Faecalibacterium
2495,165179,Prevotella copri
2595,165179,Prevotella copri
2673,165179,Prevotella copri
2679,165179,Prevotella copri
2734,165179,Prevotella copri
2895,537011,Prevotella copri DSM 18205
2919,165179,Prevotella copri
3058,375288,Parabacteroides
3079,165179,Prevotella copri
3350,537011,Prevotella copri DSM 18205
3410,165179,Prevotella copri
3530,165179,Prevotella copri
3678,165179,Prevotella copri
3721,537011,Prevotella copri DSM 18205
3766,165179,Prevotella copri
3898,816,Bacteroides
3942,537011,Prevotella copri DSM 18205
4036,165179,Prevotella copri
4044,537011,Prevotella copri DSM 18205
4219,537011,Prevotella copri DSM 18205
4257,165179,Prevotella copri
4284,537011,Prevotella copri DSM 18205
4572,165179,Prevotella copri
4594,28132,Prevotella melaninogenica
4606,537011,Prevotella copri DSM 18205
4642,165179,Prevotella copri
4729,537011,Prevotella copri DSM 18205
5170,165179,Prevotella copri
5223,537011,Prevotella copri DSM 18205
5329,28132,Prevotella melaninogenica
5462,165179,Prevotella copri
5490,165179,Prevotella copri
5531,46503,Parabacteroides merdae
5583,165179,Prevotella copri
5831,28127,Prevotella buccalis
5874,165179,Prevotella copri
5880,537011,Prevotella copri DSM 18205
5923,165179,Prevotella copri
5936,165179,Prevotella copri
5955,1161942,Ruminococcus champanellensis
6011,165179,Prevotella copri
6167,165179,Prevotella copri
6184,165179,Prevotella copri
6189,165179,Prevotella copri
6758,165179,Prevotella copri
6776,165179,Prevotella copri
6793,537011,Prevotella copri DSM 18205
6798,165179,Prevotella copri
6928,165179,Prevotella copri
7016,165179,Prevotella copri
7118,165179,Prevotella copri
7176,537011,Prevotella copri DSM 18205
7232,537011,Prevotella copri DSM 18205
7390,165179,Prevotella copri
7396,46503,Parabacteroides merdae
7450,165179,Prevotella copri
7486,165179,Prevotella copri
7527,165179,Prevotella copri
8059,165179,Prevotella copri
8240,537011,Prevotella copri DSM 18205
8273,165179,Prevotella copri
8668,165179,Prevotella copri
8751,165179,Prevotella copri
8781,165179,Prevotella copri
9026,165179,Prevotella copri
9398,165179,Prevotella copri
9480,9606,Homo sapiens
9492,537011,Prevotella copri DSM 18205
10175,165179,Prevotella copri
10268,537011,Prevotella copri DSM 18205
10404,165179,Prevotella copri
10756,537011,Prevotella copri DSM 18205
10783,165179,Prevotella copri
10797,165179,Prevotella copri
10875,165179,Prevotella copri
11224,537011,Prevotella copri DSM 18205
11378,46503,Parabacteroides merdae
11454,165179,Prevotella copri
11753,165179,Prevotella copri
11755,46503,Parabacteroides merdae
12250,165179,Prevotella copri
12310,165179,Prevotella copri
12492,165179,Prevotella copri
12583,165179,Prevotella copri
12673,537011,Prevotella copri DSM 18205
12976,537011,Prevotella copri DSM 18205
13004,46503,Parabacteroides merdae
13114,537011,Prevotella copri DSM 18205
13244,165179,Prevotella copri
13686,165179,Prevotella copri
13692,537011,Prevotella copri DSM 18205
13918,537011,Prevotella copri DSM 18205
13938,165179,Prevotella copri
14044,537011,Prevotella copri DSM 18205
14201,165179,Prevotella copri
14262,165179,Prevotella copri
14285,165179,Prevotella copri
14313,165179,Prevotella copri
14395,165179,Prevotella copri
14415,165179,Prevotella copri
14417,165179,Prevotella copri
14561,46503,Parabacteroides merdae
14713,28127,Prevotella buccalis
14920,537011,Prevotella copri DSM 18205
15058,537011,Prevotella copri DSM 18205
15295,537011,Prevotella copri DSM 18205
15412,216851,Faecalibacterium
15591,28127,Prevotella buccalis
15871,537011,Prevotella copri DSM 18205
15988,216851,Faecalibacterium
16044,165179,Prevotella copri
16098,216572,Oscillospiraceae
16099,165179,Prevotella copri
16105,537011,Prevotella copri DSM 18205
16252,165179,Prevotella copri
16269,165179,Prevotella copri
16572,165179,Prevotella copri
17136,537011,Prevotella copri DSM 18205
17474,165179,Prevotella copri
17525,165179,Prevotella copri
17668,537011,Prevotella copri DSM 18205
17839,165179,Prevotella copri
17986,165179,Prevotella copri
18049,537011,Prevotella copri DSM 18205
18058,165179,Prevotella copri
18082,838,Prevotella
18113,165179,Prevotella copri
19039,165179,Prevotella copri
19226,165179,Prevotella copri
19245,165179,Prevotella copri
19441,165179,Prevotella copri
19774,165179,Prevotella copri
19825,379899,Niabella
20247,165179,Prevotella copri
20667,165179,Prevotella copri
21109,165179,Prevotella copri
21168,165179,Prevotella copri
21504,28132,Prevotella melaninogenica
21521,165179,Prevotella copri
21593,165179,Prevotella copri
21619,216851,Faecalibacterium
21811,165179,Prevotella copri
22221,216851,Faecalibacterium
22308,165179,Prevotella copri
22329,537011,Prevotella copri DSM 18205
22337,216851,Faecalibacterium
22472,165179,Prevotella copri
23209,838,Prevotella
23413,537011,Prevotella copri DSM 18205
23467,165179,Prevotella copri
23611,165179,Prevotella copri
23856,165179,Prevotella copri
23885,537011,Prevotella copri DSM 18205
24022,537011,Prevotella copri DSM 18205
24464,817,Bacteroides fragilis
24661,165179,Prevotella copri
25084,165179,Prevotella copri
25240,165179,Prevotella copri
25298,28137,Prevotella veroralis
25325,165179,Prevotella copri
25419,537011,Prevotella copri DSM 18205
25887,28127,Prevotella buccalis
25926,537011,Prevotella copri DSM 18205
25992,165179,Prevotella copri
26200,537011,Prevotella copri DSM 18205
26640,165179,Prevotella copri
26909,165179,Prevotella copri
27034,165179,Prevotella copri
27271,537011,Prevotella copri DSM 18205
28245,165179,Prevotella copri
28265,537011,Prevotella copri DSM 18205
28381,165179,Prevotella copri
28405,165179,Prevotella copri
29476,537011,Prevotella copri DSM 18205
30282,537011,Prevotella copri DSM 18205
30503,165179,Prevotella copri
30567,537011,Prevotella copri DSM 18205
30749,165179,Prevotella copri
31229,165179,Prevotella copri
31849,165179,Prevotella copri
32056,838,Prevotella
32236,165179,Prevotella copri
32687,165179,Prevotella copri
33187,165179,Prevotella copri
33530,165179,Prevotella copri
34052,28131,Prevotella intermedia
35473,165179,Prevotella copri
36327,165179,Prevotella copri
36490,165179,Prevotella copri
38243,46503,Parabacteroides merdae
40072,165179,Prevotella copri
NA,0,unclassified
