Node name,taxid,Taxa
118,1239,Firmicutes
134,1239,Firmicutes
627,1239,Firmicutes
1043,1783272,Terrabacteria group
1168,1783272,Terrabacteria group
1284,186802,Eubacteriales
1420,1239,Firmicutes
1693,1307,Streptococcus suis
2136,1239,Firmicutes
2609,194,Campylobacter
2787,1239,Firmicutes
3140,1239,Firmicutes
3417,1239,Firmicutes
4304,1239,Firmicutes
4319,1239,Firmicutes
4606,1783272,Terrabacteria group
5331,1239,Firmicutes
5802,1783272,Terrabacteria group
5819,1783272,Terrabacteria group
5965,2763672,Simiaoa sunii
6078,1239,Firmicutes
6595,1783272,Terrabacteria group
6699,1783272,Terrabacteria group
6897,1239,Firmicutes
7524,1783272,Terrabacteria group
7612,1239,Firmicutes
7995,1239,Firmicutes
8055,1239,Firmicutes
8371,1239,Firmicutes
9972,1783272,Terrabacteria group
10146,1239,Firmicutes
10399,1783272,Terrabacteria group
10634,1239,Firmicutes
10679,1783272,Terrabacteria group
10754,186802,Eubacteriales
10962,1239,Firmicutes
11336,1239,Firmicutes
11363,1783272,Terrabacteria group
NA,0,unclassified
