Node name,taxid,Taxa
117,816,Bacteroides
292,820,Bacteroides uniformis
823,820,Bacteroides uniformis
856,820,Bacteroides uniformis
871,820,Bacteroides uniformis
878,820,Bacteroides uniformis
946,820,Bacteroides uniformis
1109,816,Bacteroides
1170,816,Bacteroides
1218,820,Bacteroides uniformis
1251,820,Bacteroides uniformis
1346,820,Bacteroides uniformis
1464,820,Bacteroides uniformis
1477,997890,Bacteroides uniformis CL03T12C37
1485,820,Bacteroides uniformis
1576,820,Bacteroides uniformis
1597,820,Bacteroides uniformis
1712,820,Bacteroides uniformis
2566,816,Bacteroides
2614,820,Bacteroides uniformis
2872,820,Bacteroides uniformis
2875,820,Bacteroides uniformis
2908,816,Bacteroides
3162,820,Bacteroides uniformis
3187,820,Bacteroides uniformis
3655,820,Bacteroides uniformis
3967,820,Bacteroides uniformis
4175,820,Bacteroides uniformis
4299,816,Bacteroides
4422,820,Bacteroides uniformis
5324,820,Bacteroides uniformis
5390,820,Bacteroides uniformis
5669,997890,Bacteroides uniformis CL03T12C37
5672,816,Bacteroides
NA,0,unclassified
