Node name,taxid,Taxa
31,976,Bacteroidetes
53,165179,Prevotella copri
68,537011,Prevotella copri DSM 18205
86,171549,Bacteroidales
260,165179,Prevotella copri
320,165179,Prevotella copri
376,171549,Bacteroidales
469,537011,Prevotella copri DSM 18205
495,165179,Prevotella copri
522,171549,Bacteroidales
593,165179,Prevotella copri
703,171549,Bacteroidales
716,165179,Prevotella copri
944,537011,Prevotella copri DSM 18205
993,537011,Prevotella copri DSM 18205
999,537011,Prevotella copri DSM 18205
1097,537011,Prevotella copri DSM 18205
1209,165179,Prevotella copri
1225,165179,Prevotella copri
1292,976,Bacteroidetes
1303,537011,Prevotella copri DSM 18205
1508,171549,Bacteroidales
1727,2585117,Alistipes onderdonkii subsp. vulgaris
1956,171549,Bacteroidales
1957,165179,Prevotella copri
1988,537011,Prevotella copri DSM 18205
2087,165179,Prevotella copri
2356,537011,Prevotella copri DSM 18205
2553,165179,Prevotella copri
2602,537011,Prevotella copri DSM 18205
2611,171549,Bacteroidales
2613,171549,Bacteroidales
2633,171549,Bacteroidales
2639,976,Bacteroidetes
2688,171549,Bacteroidales
2798,165179,Prevotella copri
2832,165179,Prevotella copri
2888,976,Bacteroidetes
2917,375288,Parabacteroides
2933,165179,Prevotella copri
2938,171549,Bacteroidales
3008,165179,Prevotella copri
3057,821,Phocaeicola vulgatus
3135,165179,Prevotella copri
3146,165179,Prevotella copri
3152,976,Bacteroidetes
3281,165179,Prevotella copri
3318,171549,Bacteroidales
3371,328813,Alistipes onderdonkii
3378,165179,Prevotella copri
3399,171549,Bacteroidales
3458,165179,Prevotella copri
3623,165179,Prevotella copri
3626,537011,Prevotella copri DSM 18205
3642,165179,Prevotella copri
3651,165179,Prevotella copri
3821,165179,Prevotella copri
3832,171549,Bacteroidales
3881,165179,Prevotella copri
3896,165179,Prevotella copri
3973,165179,Prevotella copri
4084,537011,Prevotella copri DSM 18205
4095,28118,Odoribacter splanchnicus
4151,999416,Parabacteroides distasonis CL03T12C09
4218,999416,Parabacteroides distasonis CL03T12C09
4262,171549,Bacteroidales
4324,165179,Prevotella copri
4356,165179,Prevotella copri
4392,820,Bacteroides uniformis
4435,165179,Prevotella copri
4471,165179,Prevotella copri
4624,165179,Prevotella copri
4697,171549,Bacteroidales
4702,171549,Bacteroidales
4736,165179,Prevotella copri
4744,165179,Prevotella copri
5130,537011,Prevotella copri DSM 18205
5135,537011,Prevotella copri DSM 18205
5183,165179,Prevotella copri
5185,2650157,Bacteroides zhangwenhongii
5210,165179,Prevotella copri
5213,171549,Bacteroidales
5253,537011,Prevotella copri DSM 18205
5280,165179,Prevotella copri
5364,165179,Prevotella copri
5380,165179,Prevotella copri
5411,537011,Prevotella copri DSM 18205
5437,976,Bacteroidetes
5464,537011,Prevotella copri DSM 18205
5483,817,Bacteroides fragilis
5521,165179,Prevotella copri
5651,165179,Prevotella copri
5822,537011,Prevotella copri DSM 18205
5911,165179,Prevotella copri
6198,817,Bacteroides fragilis
6229,976,Bacteroidetes
6299,976,Bacteroidetes
6347,171549,Bacteroidales
6353,171549,Bacteroidales
6564,537011,Prevotella copri DSM 18205
6639,165179,Prevotella copri
6644,537011,Prevotella copri DSM 18205
6649,537011,Prevotella copri DSM 18205
6658,165179,Prevotella copri
6709,165179,Prevotella copri
6941,171549,Bacteroidales
6947,171549,Bacteroidales
6954,165179,Prevotella copri
7318,537011,Prevotella copri DSM 18205
7393,165179,Prevotella copri
7631,165179,Prevotella copri
7811,976,Bacteroidetes
7833,165179,Prevotella copri
8004,165179,Prevotella copri
8066,165179,Prevotella copri
8162,165179,Prevotella copri
8171,171549,Bacteroidales
8337,171549,Bacteroidales
8353,171549,Bacteroidales
8467,816,Bacteroides
8608,165179,Prevotella copri
8677,165179,Prevotella copri
8719,165179,Prevotella copri
8764,537011,Prevotella copri DSM 18205
8793,823,Parabacteroides distasonis
8820,537011,Prevotella copri DSM 18205
8897,537011,Prevotella copri DSM 18205
8915,375288,Parabacteroides
8960,165179,Prevotella copri
8987,165179,Prevotella copri
8999,165179,Prevotella copri
9020,171549,Bacteroidales
9137,816,Bacteroides
9253,171549,Bacteroidales
9261,537011,Prevotella copri DSM 18205
9292,165179,Prevotella copri
9293,171549,Bacteroidales
9312,171549,Bacteroidales
9340,165179,Prevotella copri
9527,165179,Prevotella copri
9677,537011,Prevotella copri DSM 18205
9746,165179,Prevotella copri
9757,171549,Bacteroidales
9840,165179,Prevotella copri
9918,171549,Bacteroidales
9947,165179,Prevotella copri
10145,165179,Prevotella copri
10239,165179,Prevotella copri
10404,537011,Prevotella copri DSM 18205
10418,171549,Bacteroidales
10426,823,Parabacteroides distasonis
10428,537011,Prevotella copri DSM 18205
10600,165179,Prevotella copri
10698,165179,Prevotella copri
10756,165179,Prevotella copri
10847,537011,Prevotella copri DSM 18205
11035,171549,Bacteroidales
11180,976,Bacteroidetes
11367,976,Bacteroidetes
11420,165179,Prevotella copri
11452,171549,Bacteroidales
11468,976,Bacteroidetes
11592,165179,Prevotella copri
11634,165179,Prevotella copri
11719,165179,Prevotella copri
11800,976,Bacteroidetes
11821,165179,Prevotella copri
12019,165179,Prevotella copri
12150,165179,Prevotella copri
12324,976,Bacteroidetes
12665,171549,Bacteroidales
12851,976,Bacteroidetes
13125,165179,Prevotella copri
13211,537011,Prevotella copri DSM 18205
13233,976,Bacteroidetes
13421,165179,Prevotella copri
13648,165179,Prevotella copri
13674,165179,Prevotella copri
14134,165179,Prevotella copri
14187,171549,Bacteroidales
14203,165179,Prevotella copri
14229,2,Bacteria
14657,165179,Prevotella copri
14735,976,Bacteroidetes
14806,171549,Bacteroidales
14870,909656,Phocaeicola
14965,165179,Prevotella copri
15078,165179,Prevotella copri
15185,171549,Bacteroidales
15196,165179,Prevotella copri
15466,171549,Bacteroidales
15505,165179,Prevotella copri
15507,165179,Prevotella copri
15518,165179,Prevotella copri
15550,537011,Prevotella copri DSM 18205
15737,537011,Prevotella copri DSM 18205
15757,165179,Prevotella copri
15774,165179,Prevotella copri
15888,537011,Prevotella copri DSM 18205
15890,537011,Prevotella copri DSM 18205
15933,165179,Prevotella copri
15989,165179,Prevotella copri
16254,171549,Bacteroidales
16350,171549,Bacteroidales
16701,816,Bacteroides
16790,165179,Prevotella copri
16804,165179,Prevotella copri
16912,171549,Bacteroidales
17033,165179,Prevotella copri
17412,537011,Prevotella copri DSM 18205
17510,537011,Prevotella copri DSM 18205
17607,537011,Prevotella copri DSM 18205
17616,537011,Prevotella copri DSM 18205
17640,976,Bacteroidetes
17685,537011,Prevotella copri DSM 18205
17788,171549,Bacteroidales
17848,976,Bacteroidetes
18254,171549,Bacteroidales
18260,171549,Bacteroidales
18330,165179,Prevotella copri
18464,165179,Prevotella copri
18475,171549,Bacteroidales
18491,171549,Bacteroidales
18791,165179,Prevotella copri
19009,976,Bacteroidetes
19062,165179,Prevotella copri
19414,171549,Bacteroidales
19491,171549,Bacteroidales
19497,171549,Bacteroidales
19863,171549,Bacteroidales
20297,165179,Prevotella copri
20374,165179,Prevotella copri
20491,165179,Prevotella copri
20544,537011,Prevotella copri DSM 18205
20702,165179,Prevotella copri
20748,2650157,Bacteroides zhangwenhongii
20832,165179,Prevotella copri
20855,537011,Prevotella copri DSM 18205
20897,171549,Bacteroidales
21001,165179,Prevotella copri
21080,165179,Prevotella copri
21131,165179,Prevotella copri
21469,165179,Prevotella copri
21488,537011,Prevotella copri DSM 18205
21507,537011,Prevotella copri DSM 18205
21638,537011,Prevotella copri DSM 18205
21707,165179,Prevotella copri
21732,537011,Prevotella copri DSM 18205
22014,165179,Prevotella copri
22105,976,Bacteroidetes
22287,165179,Prevotella copri
22574,537011,Prevotella copri DSM 18205
22816,165179,Prevotella copri
22835,165179,Prevotella copri
22928,165179,Prevotella copri
23366,165179,Prevotella copri
23516,165179,Prevotella copri
23765,165179,Prevotella copri
24034,537011,Prevotella copri DSM 18205
24969,165179,Prevotella copri
24996,165179,Prevotella copri
25085,165179,Prevotella copri
25100,976,Bacteroidetes
25198,165179,Prevotella copri
25831,165179,Prevotella copri
26001,165179,Prevotella copri
26796,537011,Prevotella copri DSM 18205
26849,537011,Prevotella copri DSM 18205
27158,537011,Prevotella copri DSM 18205
27292,171549,Bacteroidales
28226,537011,Prevotella copri DSM 18205
28389,165179,Prevotella copri
28572,823,Parabacteroides distasonis
28660,165179,Prevotella copri
28775,165179,Prevotella copri
29600,717959,Alistipes shahii WAL 8301
29952,171549,Bacteroidales
30314,165179,Prevotella copri
30416,976,Bacteroidetes
30812,165179,Prevotella copri
31102,171549,Bacteroidales
34124,165179,Prevotella copri
34535,171549,Bacteroidales
35426,171549,Bacteroidales
36414,165179,Prevotella copri
37566,171549,Bacteroidales
NA,0,unclassified
