Node name,taxid,Taxa
29,2649562,unclassified Duncaniella
889,28116,Bacteroides ovatus
897,816,Bacteroides
2035,171549,Bacteroidales
2601,815,Bacteroidaceae
2687,2691580,Prevotella sp. Rep29
3401,909656,Phocaeicola
3688,171549,Bacteroidales
3858,171549,Bacteroidales
4265,712435,Porphyromonas sp. oral taxon 275
4267,880074,Barnesiella viscericola DSM 18177
4608,28135,Prevotella oris
5067,28129,Prevotella denticola
5322,762982,Paraprevotella xylaniphila YIT 11841
5640,171549,Bacteroidales
5833,816,Bacteroides
6086,47678,Bacteroides caccae
6135,239759,Alistipes
6279,171549,Bacteroidales
6447,717959,Alistipes shahii WAL 8301
6773,28127,Prevotella buccalis
6861,909656,Phocaeicola
9914,171549,Bacteroidales
10400,47678,Bacteroides caccae
10482,762982,Paraprevotella xylaniphila YIT 11841
10523,171549,Bacteroidales
10557,171549,Bacteroidales
10786,821,Phocaeicola vulgatus
12043,171549,Bacteroidales
12086,2714353,Vescimonas fastidiosa
12194,171549,Bacteroidales
12378,171549,Bacteroidales
12392,820,Bacteroides uniformis
12488,816,Bacteroides
12691,226,Alteromonas
13565,1122984,Prevotella intermedia ATCC 25611 = DSM 20706
13846,820,Bacteroides uniformis
13910,88431,Dorea longicatena
13913,816,Bacteroides
14217,221352,Synechococcus sp. RS9909
14485,28127,Prevotella buccalis
14519,171549,Bacteroidales
14663,171549,Bacteroidales
14769,815,Bacteroidaceae
15098,816,Bacteroides
15297,762982,Paraprevotella xylaniphila YIT 11841
15305,76123,Prevotella enoeca
15702,815,Bacteroidaceae
16106,839,Prevotella ruminicola
16243,186801,Clostridia
16793,820,Bacteroides uniformis
17171,816,Bacteroides
17500,28127,Prevotella buccalis
17933,816,Bacteroides
17945,165179,Prevotella copri
17950,171549,Bacteroidales
18878,762982,Paraprevotella xylaniphila YIT 11841
19061,186801,Clostridia
19578,28135,Prevotella oris
19639,28131,Prevotella intermedia
19839,815,Bacteroidaceae
20029,131567,cellular organisms
20413,28116,Bacteroides ovatus
20457,28116,Bacteroides ovatus
20731,239759,Alistipes
20775,171549,Bacteroidales
20883,821,Phocaeicola vulgatus
21072,717959,Alistipes shahii WAL 8301
21631,375288,Parabacteroides
21633,816,Bacteroides
21687,171549,Bacteroidales
21732,171549,Bacteroidales
21743,291644,Bacteroides salyersiae
21988,28116,Bacteroides ovatus
22211,28129,Prevotella denticola
22293,171549,Bacteroidales
22770,216572,Oscillospiraceae
23348,171549,Bacteroidales
23511,762982,Paraprevotella xylaniphila YIT 11841
23560,821,Phocaeicola vulgatus
24053,171549,Bacteroidales
24157,357276,Phocaeicola dorei
25066,816,Bacteroides
25244,28137,Prevotella veroralis
25944,239759,Alistipes
26808,28453,Sphingobacterium
27339,171549,Bacteroidales
28181,997873,Bacteroides caccae CL03T12C61
29822,171549,Bacteroidales
29937,816,Bacteroides
30083,216572,Oscillospiraceae
30226,357276,Phocaeicola dorei
30887,165179,Prevotella copri
31905,171549,Bacteroidales
32474,371601,Bacteroides xylanisolvens
32918,820,Bacteroides uniformis
33242,171549,Bacteroidales
33372,47678,Bacteroides caccae
33811,47678,Bacteroides caccae
34084,816,Bacteroides
34206,821,Phocaeicola vulgatus
34443,821,Phocaeicola vulgatus
34650,820,Bacteroides uniformis
34948,371601,Bacteroides xylanisolvens
35133,28137,Prevotella veroralis
35781,171549,Bacteroidales
35925,1122984,Prevotella intermedia ATCC 25611 = DSM 20706
36379,171549,Bacteroidales
37613,171549,Bacteroidales
38656,28131,Prevotella intermedia
38922,1932,Streptomyces tendae
39294,2913616,Prevotella sp. E13-17
40652,853,Faecalibacterium prausnitzii
40939,357276,Phocaeicola dorei
41101,816,Bacteroides
41375,28127,Prevotella buccalis
41387,28127,Prevotella buccalis
41920,28116,Bacteroides ovatus
42533,1642646,Petrimonas mucosa
42611,322095,Porphyromonas somerae
42676,28127,Prevotella buccalis
42921,165179,Prevotella copri
43302,171549,Bacteroidales
43916,171549,Bacteroidales
44686,816,Bacteroides
45127,816,Bacteroides
45133,816,Bacteroides
45334,171549,Bacteroidales
45402,171549,Bacteroidales
45950,28131,Prevotella intermedia
46426,171549,Bacteroidales
46704,816,Bacteroides
47140,816,Bacteroides
48595,171549,Bacteroidales
49031,816,Bacteroides
49126,816,Bacteroides
49328,820,Bacteroides uniformis
49946,171549,Bacteroidales
50150,838,Prevotella
51438,28131,Prevotella intermedia
53112,816,Bacteroides
53193,171549,Bacteroidales
54826,28127,Prevotella buccalis
56396,820,Bacteroides uniformis
56506,1434104,Methanococcoides methylutens MM1
56535,171549,Bacteroidales
56951,28133,Prevotella nigrescens
57353,908937,Prevotella dentalis DSM 3688
57836,909656,Phocaeicola
58257,2738413,Acidovorax sp. YS12
58321,1605,Ligilactobacillus animalis
58670,171549,Bacteroidales
58708,816,Bacteroides
58709,171549,Bacteroidales
59601,2714353,Vescimonas fastidiosa
60482,2763672,Simiaoa sunii
61000,572511,Blautia
61165,69578,Cryobacterium
61609,821,Phocaeicola vulgatus
62432,816,Bacteroides
62527,816,Bacteroides
62942,821,Phocaeicola vulgatus
63693,816,Bacteroides
64742,28127,Prevotella buccalis
64993,171549,Bacteroidales
65757,626932,Alistipes indistinctus
66737,816,Bacteroides
68277,171549,Bacteroidales
68306,2005473,Muribaculaceae
68328,171549,Bacteroidales
69064,2364787,Alistipes megaguti
69720,165179,Prevotella copri
69901,165179,Prevotella copri
70186,216851,Faecalibacterium
71023,165179,Prevotella copri
73158,838,Prevotella
73464,815,Bacteroidaceae
73840,47678,Bacteroides caccae
73998,28132,Prevotella melaninogenica
74948,1224,Proteobacteria
74949,657313,[Ruminococcus] torques L2-14
75176,47678,Bacteroides caccae
75451,2801997,Prevotella herbatica
75664,374,Bradyrhizobium
76154,838,Prevotella
76424,171549,Bacteroidales
77069,165179,Prevotella copri
77394,2917725,Georgenia sp. TF02-10
77931,649756,Anaerostipes hadrus
78196,28137,Prevotella veroralis
78780,838,Prevotella
78795,820,Bacteroides uniformis
79107,28127,Prevotella buccalis
79525,572511,Blautia
80409,398694,Mycobacterium shinjukuense
81271,131567,cellular organisms
81723,47678,Bacteroides caccae
82771,171549,Bacteroidales
82783,717959,Alistipes shahii WAL 8301
83153,171549,Bacteroidales
83185,171549,Bacteroidales
83517,908937,Prevotella dentalis DSM 3688
84002,816,Bacteroides
84245,28137,Prevotella veroralis
84595,371601,Bacteroides xylanisolvens
84635,171549,Bacteroidales
85147,47678,Bacteroides caccae
85151,47678,Bacteroides caccae
85536,28127,Prevotella buccalis
85905,821,Phocaeicola vulgatus
86042,572511,Blautia
86828,28116,Bacteroides ovatus
87308,815,Bacteroidaceae
87562,171549,Bacteroidales
87573,839,Prevotella ruminicola
87659,880074,Barnesiella viscericola DSM 18177
88101,818,Bacteroides thetaiotaomicron
88283,47678,Bacteroides caccae
88943,387661,Parabacteroides johnsonii
89091,838,Prevotella
89682,171549,Bacteroidales
92611,28116,Bacteroides ovatus
92917,909656,Phocaeicola
93625,815,Bacteroidaceae
93950,171549,Bacteroidales
94504,815,Bacteroidaceae
94993,171549,Bacteroidales
95000,186803,Lachnospiraceae
96008,816,Bacteroides
96266,816,Bacteroides
96397,820,Bacteroides uniformis
96478,28133,Prevotella nigrescens
96504,165179,Prevotella copri
96544,171549,Bacteroidales
96679,572511,Blautia
97846,28131,Prevotella intermedia
98369,693979,Bacteroides helcogenes P 36-108
98486,357276,Phocaeicola dorei
98618,820,Bacteroides uniformis
98945,165179,Prevotella copri
100133,909656,Phocaeicola
100602,165179,Prevotella copri
101080,667015,Phocaeicola salanitronis DSM 18170
101187,166486,Roseburia intestinalis
101189,841,Roseburia
102875,816,Bacteroides
103381,171549,Bacteroidales
104079,816,Bacteroides
104178,171549,Bacteroidales
104494,821,Phocaeicola vulgatus
104904,821,Phocaeicola vulgatus
105173,838,Prevotella
106281,171549,Bacteroidales
106285,815,Bacteroidaceae
106522,171549,Bacteroidales
106864,821,Phocaeicola vulgatus
107098,2638335,unclassified Prevotella
107393,839,Prevotella ruminicola
107520,821,Phocaeicola vulgatus
107566,815,Bacteroidaceae
108372,216851,Faecalibacterium
108740,47678,Bacteroides caccae
109162,28127,Prevotella buccalis
109734,2638335,unclassified Prevotella
109814,171549,Bacteroidales
110095,165179,Prevotella copri
110101,165179,Prevotella copri
111012,838,Prevotella
111085,171549,Bacteroidales
111340,39488,Anaerobutyricum hallii
111927,165179,Prevotella copri
112346,818,Bacteroides thetaiotaomicron
112368,28127,Prevotella buccalis
112455,816,Bacteroides
112499,818,Bacteroides thetaiotaomicron
112864,997873,Bacteroides caccae CL03T12C61
113353,171549,Bacteroidales
113361,171549,Bacteroidales
113517,816,Bacteroides
113525,816,Bacteroides
113568,186803,Lachnospiraceae
113952,816,Bacteroides
114152,171549,Bacteroidales
114881,2763022,Bacteroides sp. M10
115303,816,Bacteroides
115317,171549,Bacteroidales
115780,821,Phocaeicola vulgatus
116285,762982,Paraprevotella xylaniphila YIT 11841
117565,28137,Prevotella veroralis
117798,171549,Bacteroidales
117871,816,Bacteroides
117941,171549,Bacteroidales
118214,28129,Prevotella denticola
118326,171549,Bacteroidales
121613,2133944,Pseudoprevotella muciniphila
121709,47678,Bacteroides caccae
121898,171549,Bacteroidales
122270,815,Bacteroidaceae
122284,410072,Coprococcus comes
122345,171549,Bacteroidales
122364,171549,Bacteroidales
122400,171549,Bacteroidales
122959,2691580,Prevotella sp. Rep29
123260,717959,Alistipes shahii WAL 8301
124364,171549,Bacteroidales
124768,171549,Bacteroidales
125482,816,Bacteroides
125849,838,Prevotella
126295,838,Prevotella
126450,171549,Bacteroidales
126590,626932,Alistipes indistinctus
127136,171549,Bacteroidales
127253,838,Prevotella
127778,816,Bacteroides
128113,195950,Tannerella
128255,28116,Bacteroides ovatus
128257,816,Bacteroides
128293,171549,Bacteroidales
128996,821,Phocaeicola vulgatus
129221,2691580,Prevotella sp. Rep29
130752,165179,Prevotella copri
131232,821,Phocaeicola vulgatus
132538,171549,Bacteroidales
132632,28116,Bacteroides ovatus
133252,816,Bacteroides
133420,120959,Mycobacterium kubicae
134990,171549,Bacteroidales
136077,28116,Bacteroides ovatus
136356,171552,Prevotellaceae
136574,357276,Phocaeicola dorei
136825,815,Bacteroidaceae
137188,816,Bacteroides
137358,821,Phocaeicola vulgatus
137760,1642646,Petrimonas mucosa
137849,28127,Prevotella buccalis
138001,36853,Desulfitobacterium
138241,371601,Bacteroides xylanisolvens
138595,171549,Bacteroidales
138877,28137,Prevotella veroralis
139311,371601,Bacteroides xylanisolvens
139315,820,Bacteroides uniformis
139725,28116,Bacteroides ovatus
139941,816,Bacteroides
140465,816,Bacteroides
141530,171549,Bacteroidales
141582,357276,Phocaeicola dorei
142025,28127,Prevotella buccalis
142287,2691580,Prevotella sp. Rep29
142741,165179,Prevotella copri
142745,169435,Anaerotruncus colihominis
143144,2691580,Prevotella sp. Rep29
143333,1177574,Prevotella jejuni
143910,171549,Bacteroidales
143978,816,Bacteroides
144198,815,Bacteroidaceae
145708,171549,Bacteroidales
145773,762982,Paraprevotella xylaniphila YIT 11841
145775,375288,Parabacteroides
146343,815,Bacteroidaceae
146594,171549,Bacteroidales
146797,816,Bacteroides
146823,838,Prevotella
148184,816,Bacteroides
148295,171549,Bacteroidales
148482,2293317,Candidatus Syntrophocurvum alkaliphilum
148801,165179,Prevotella copri
149307,410072,Coprococcus comes
149409,817,Bacteroides fragilis
151205,815,Bacteroidaceae
151829,821,Phocaeicola vulgatus
152346,821,Phocaeicola vulgatus
152449,821,Phocaeicola vulgatus
152604,1177574,Prevotella jejuni
152772,28116,Bacteroides ovatus
152880,282402,Prevotella multiformis
152918,816,Bacteroides
152983,46503,Parabacteroides merdae
153187,371601,Bacteroides xylanisolvens
153203,171549,Bacteroidales
153491,821,Phocaeicola vulgatus
153613,28116,Bacteroides ovatus
153688,818,Bacteroides thetaiotaomicron
153766,47678,Bacteroides caccae
154000,820,Bacteroides uniformis
155458,28127,Prevotella buccalis
156260,165179,Prevotella copri
156527,815,Bacteroidaceae
156533,816,Bacteroides
156903,816,Bacteroides
156924,816,Bacteroides
156991,821,Phocaeicola vulgatus
157112,816,Bacteroides
157223,28137,Prevotella veroralis
158904,47678,Bacteroides caccae
159781,171549,Bacteroidales
160693,171549,Bacteroidales
161056,717959,Alistipes shahii WAL 8301
161636,171549,Bacteroidales
162190,171549,Bacteroidales
162938,816,Bacteroides
164354,908937,Prevotella dentalis DSM 3688
165305,171549,Bacteroidales
165385,171549,Bacteroidales
165861,28116,Bacteroides ovatus
165889,171549,Bacteroidales
166581,171549,Bacteroidales
166891,171549,Bacteroidales
166941,28137,Prevotella veroralis
167262,171549,Bacteroidales
167361,9606,Homo sapiens
168170,28127,Prevotella buccalis
168467,28127,Prevotella buccalis
168481,28127,Prevotella buccalis
168497,28116,Bacteroides ovatus
168886,171549,Bacteroidales
169605,375288,Parabacteroides
169759,821,Phocaeicola vulgatus
170430,28135,Prevotella oris
170550,1457365,Candidatus Cyclonatronum proteinivorum
171071,28116,Bacteroides ovatus
171098,347255,Rickettsia africae ESF-5
172493,171549,Bacteroidales
172521,171549,Bacteroidales
172733,47678,Bacteroides caccae
173782,838,Prevotella
174125,816,Bacteroides
174140,821,Phocaeicola vulgatus
174149,171549,Bacteroidales
174838,357276,Phocaeicola dorei
175467,2875500,Kovacikia minuta CCNU0001
175679,821,Phocaeicola vulgatus
175912,28127,Prevotella buccalis
176716,816,Bacteroides
178494,879243,Porphyromonas asaccharolytica DSM 20707
179294,908937,Prevotella dentalis DSM 3688
179402,375288,Parabacteroides
179535,171549,Bacteroidales
179551,717959,Alistipes shahii WAL 8301
180227,2764711,Nostoc sp. MS1
180247,537011,Prevotella copri DSM 18205
180463,171549,Bacteroidales
180512,820,Bacteroides uniformis
180963,818,Bacteroides thetaiotaomicron
181478,815,Bacteroidaceae
182024,39948,Dialister
182178,171549,Bacteroidales
183177,2913619,Prevotella sp. E2-25
184477,820,Bacteroides uniformis
184576,821,Phocaeicola vulgatus
184583,171549,Bacteroidales
184769,371601,Bacteroides xylanisolvens
185649,28137,Prevotella veroralis
186051,717959,Alistipes shahii WAL 8301
186102,171549,Bacteroidales
186349,264731,Prevotella ruminicola 23
186598,821,Phocaeicola vulgatus
186713,816,Bacteroides
189051,28132,Prevotella melaninogenica
189145,908937,Prevotella dentalis DSM 3688
190734,28127,Prevotella buccalis
190787,816,Bacteroides
190967,47678,Bacteroides caccae
192462,28135,Prevotella oris
192701,165179,Prevotella copri
192900,39488,Anaerobutyricum hallii
192930,2099387,Tolypothrix sp. PCC 7910
193238,816,Bacteroides
193503,295405,Bacteroides fragilis YCH46
194974,47678,Bacteroides caccae
195335,216851,Faecalibacterium
195415,171549,Bacteroidales
195662,821,Phocaeicola vulgatus
196351,28127,Prevotella buccalis
196674,821,Phocaeicola vulgatus
197284,171549,Bacteroidales
197699,816,Bacteroides
199376,171549,Bacteroidales
199400,28116,Bacteroides ovatus
200515,165179,Prevotella copri
201197,838,Prevotella
201488,165179,Prevotella copri
201587,410072,Coprococcus comes
201721,165179,Prevotella copri
201727,165179,Prevotella copri
202569,171552,Prevotellaceae
202628,171549,Bacteroidales
203035,47678,Bacteroides caccae
203176,171549,Bacteroidales
203518,816,Bacteroides
203612,171549,Bacteroidales
204064,171549,Bacteroidales
204447,908937,Prevotella dentalis DSM 3688
204515,28137,Prevotella veroralis
204596,77095,Prevotella bryantii
205071,28116,Bacteroides ovatus
205087,28116,Bacteroides ovatus
205614,838,Prevotella
205640,838,Prevotella
205908,28116,Bacteroides ovatus
206138,815,Bacteroidaceae
207858,28116,Bacteroides ovatus
208475,762982,Paraprevotella xylaniphila YIT 11841
208716,322095,Porphyromonas somerae
209027,171549,Bacteroidales
209762,853,Faecalibacterium prausnitzii
210790,171549,Bacteroidales
211057,28129,Prevotella denticola
211348,28127,Prevotella buccalis
211436,838,Prevotella
211671,762982,Paraprevotella xylaniphila YIT 11841
211693,821,Phocaeicola vulgatus
213652,572511,Blautia
213777,171549,Bacteroidales
215832,171549,Bacteroidales
215918,821,Phocaeicola vulgatus
216694,28137,Prevotella veroralis
217424,118163,Pleurocapsa sp. PCC 7327
217603,171549,Bacteroidales
217680,2646395,unclassified Faecalibacterium
217728,762982,Paraprevotella xylaniphila YIT 11841
218145,28118,Odoribacter splanchnicus
218313,28131,Prevotella intermedia
218428,2638335,unclassified Prevotella
218579,816,Bacteroides
218673,2875500,Kovacikia minuta CCNU0001
218740,717959,Alistipes shahii WAL 8301
218943,817,Bacteroides fragilis
220438,171549,Bacteroidales
221007,816,Bacteroides
221230,574697,Butyricimonas
223362,816,Bacteroides
224055,171549,Bacteroidales
224164,329854,Bacteroides intestinalis
224253,816,Bacteroides
225236,821,Phocaeicola vulgatus
225431,28116,Bacteroides ovatus
226228,171549,Bacteroidales
226461,821,Phocaeicola vulgatus
226574,820,Bacteroides uniformis
226617,820,Bacteroides uniformis
226919,815,Bacteroidaceae
227175,28137,Prevotella veroralis
227303,816,Bacteroides
227474,820,Bacteroides uniformis
228304,717959,Alistipes shahii WAL 8301
228411,171549,Bacteroidales
229496,46503,Parabacteroides merdae
229820,171549,Bacteroidales
230105,171549,Bacteroidales
231066,816,Bacteroides
232213,838,Prevotella
232824,371601,Bacteroides xylanisolvens
233109,371601,Bacteroides xylanisolvens
233720,225422,Sulfitobacter indolifex
234171,171549,Bacteroidales
236529,171549,Bacteroidales
238254,171549,Bacteroidales
238595,1177574,Prevotella jejuni
238939,171549,Bacteroidales
240037,171549,Bacteroidales
240506,816,Bacteroides
241323,171549,Bacteroidales
241394,2913616,Prevotella sp. E13-17
241502,28137,Prevotella veroralis
241575,2714355,Vescimonas coprocola
241583,2714353,Vescimonas fastidiosa
242354,28118,Odoribacter splanchnicus
244032,371601,Bacteroides xylanisolvens
245026,171549,Bacteroidales
245616,171549,Bacteroidales
245894,816,Bacteroides
246276,762982,Paraprevotella xylaniphila YIT 11841
246461,1796613,Bacteroides caecimuris
246631,171549,Bacteroidales
247610,28127,Prevotella buccalis
247848,2093857,Dysosmobacter welbionis
248452,821,Phocaeicola vulgatus
249330,171549,Bacteroidales
249454,838,Prevotella
251160,815,Bacteroidaceae
252412,28137,Prevotella veroralis
253165,171549,Bacteroidales
254284,216851,Faecalibacterium
256197,816,Bacteroides
257205,171549,Bacteroidales
258275,818,Bacteroides thetaiotaomicron
258412,171549,Bacteroidales
258424,821,Phocaeicola vulgatus
258858,1385,Bacillales
259403,28116,Bacteroides ovatus
259925,816,Bacteroides
260095,1585976,Bergeyella cardium
260319,816,Bacteroides
260443,171549,Bacteroidales
261058,821,Phocaeicola vulgatus
261204,862126,Mucilaginibacter ginsenosidivorax
261446,186802,Eubacteriales
262247,880074,Barnesiella viscericola DSM 18177
263325,28127,Prevotella buccalis
263433,28129,Prevotella denticola
264992,2606626,Sodaliphilus pleomorphus
265121,2763672,Simiaoa sunii
265960,649756,Anaerostipes hadrus
265986,820,Bacteroides uniformis
269425,387090,Phocaeicola coprophilus
269781,820,Bacteroides uniformis
269809,820,Bacteroides uniformis
270219,165179,Prevotella copri
271837,762982,Paraprevotella xylaniphila YIT 11841
271894,171549,Bacteroidales
271908,1944646,Phoenicibacter congonensis
272705,165179,Prevotella copri
273028,815,Bacteroidaceae
273111,816,Bacteroides
273160,77095,Prevotella bryantii
273208,2691580,Prevotella sp. Rep29
274914,816,Bacteroides
276849,2714355,Vescimonas coprocola
277756,1177574,Prevotella jejuni
278176,165179,Prevotella copri
278319,889453,Alkalitalea saponilacus
278436,816,Bacteroides
279234,816,Bacteroides
279394,28127,Prevotella buccalis
279500,821,Phocaeicola vulgatus
279685,171549,Bacteroidales
280248,171549,Bacteroidales
282294,821,Phocaeicola vulgatus
282630,171549,Bacteroidales
284501,28127,Prevotella buccalis
286150,28137,Prevotella veroralis
286501,2606626,Sodaliphilus pleomorphus
288559,28127,Prevotella buccalis
288570,821,Phocaeicola vulgatus
288629,816,Bacteroides
288846,821,Phocaeicola vulgatus
289087,821,Phocaeicola vulgatus
289889,816,Bacteroides
289911,816,Bacteroides
290304,575614,Prevotella sp. oral taxon 299 str. F0039
292252,816,Bacteroides
294642,28116,Bacteroides ovatus
294757,233181,Candidatus Kinetoplastibacterium blastocrithidii
295092,821,Phocaeicola vulgatus
295148,537011,Prevotella copri DSM 18205
295620,46503,Parabacteroides merdae
295685,165179,Prevotella copri
295775,815,Bacteroidaceae
296192,171549,Bacteroidales
296412,171549,Bacteroidales
296545,216851,Faecalibacterium
296573,2929489,Faecalibacterium sp. IP329
298108,47678,Bacteroides caccae
298719,821,Phocaeicola vulgatus
298859,171549,Bacteroidales
299851,28127,Prevotella buccalis
302323,28127,Prevotella buccalis
302725,2913616,Prevotella sp. E13-17
303595,171549,Bacteroidales
303782,371601,Bacteroides xylanisolvens
303852,2638335,unclassified Prevotella
304272,28135,Prevotella oris
304641,375288,Parabacteroides
304776,1177574,Prevotella jejuni
305115,1177574,Prevotella jejuni
306427,171549,Bacteroidales
306748,171549,Bacteroidales
309609,820,Bacteroides uniformis
310309,171549,Bacteroidales
310927,816,Bacteroides
311711,74426,Collinsella aerofaciens
311988,186802,Eubacteriales
312863,28131,Prevotella intermedia
312983,47678,Bacteroides caccae
316463,821,Phocaeicola vulgatus
317447,171549,Bacteroidales
317806,28137,Prevotella veroralis
319291,816,Bacteroides
319378,28116,Bacteroides ovatus
319445,816,Bacteroides
320478,821,Phocaeicola vulgatus
320505,815,Bacteroidaceae
320509,816,Bacteroides
320868,820,Bacteroides uniformis
321365,356322,Heliorestis convoluta
322519,28129,Prevotella denticola
322662,28133,Prevotella nigrescens
322982,371601,Bacteroides xylanisolvens
323005,28127,Prevotella buccalis
323128,537011,Prevotella copri DSM 18205
323223,28127,Prevotella buccalis
323354,371601,Bacteroides xylanisolvens
323493,28116,Bacteroides ovatus
323606,47678,Bacteroides caccae
323651,1585976,Bergeyella cardium
324880,815,Bacteroidaceae
325842,1871034,Vaginimicrobium propionicum
326551,821,Phocaeicola vulgatus
326557,821,Phocaeicola vulgatus
328586,371601,Bacteroides xylanisolvens
328630,171549,Bacteroidales
328702,47678,Bacteroides caccae
329515,171549,Bacteroidales
329677,171549,Bacteroidales
329950,908937,Prevotella dentalis DSM 3688
330679,28127,Prevotella buccalis
330809,997873,Bacteroides caccae CL03T12C61
331413,626932,Alistipes indistinctus
332668,28137,Prevotella veroralis
333999,818,Bacteroides thetaiotaomicron
334195,820,Bacteroides uniformis
336067,838,Prevotella
336571,171549,Bacteroidales
337017,200643,Bacteroidia
337780,28127,Prevotella buccalis
338030,2093856,Butyricimonas faecalis
338827,28131,Prevotella intermedia
339309,820,Bacteroides uniformis
339315,171549,Bacteroidales
339661,2913616,Prevotella sp. E13-17
340714,171549,Bacteroidales
341945,816,Bacteroides
342530,28137,Prevotella veroralis
342864,410072,Coprococcus comes
343239,838,Prevotella
343733,820,Bacteroides uniformis
343786,816,Bacteroides
343824,816,Bacteroides
344275,816,Bacteroides
344320,371601,Bacteroides xylanisolvens
344796,927083,Sandaracinus amylolyticus
347246,410072,Coprococcus comes
348195,28116,Bacteroides ovatus
348372,28137,Prevotella veroralis
348924,171549,Bacteroidales
349013,1177574,Prevotella jejuni
349502,816,Bacteroides
349547,171549,Bacteroidales
350540,821,Phocaeicola vulgatus
350630,28116,Bacteroides ovatus
350646,821,Phocaeicola vulgatus
350758,171549,Bacteroidales
351938,815,Bacteroidaceae
352441,357276,Phocaeicola dorei
353020,28137,Prevotella veroralis
353041,816,Bacteroides
353842,46503,Parabacteroides merdae
353930,2319843,Hymenobacter oligotrophus
354895,821,Phocaeicola vulgatus
354966,2714353,Vescimonas fastidiosa
355412,171549,Bacteroidales
355721,821,Phocaeicola vulgatus
356190,821,Phocaeicola vulgatus
356625,2913620,Prevotella sp. E2-28
357168,171549,Bacteroidales
357631,838,Prevotella
358022,485915,Desulfohalobium retbaense DSM 5692
361692,2638335,unclassified Prevotella
362230,171549,Bacteroidales
363026,171549,Bacteroidales
364482,316,Pseudomonas stutzeri
364621,816,Bacteroides
365393,47678,Bacteroides caccae
366121,171549,Bacteroidales
366495,322095,Porphyromonas somerae
369253,816,Bacteroides
369883,171549,Bacteroidales
370151,171549,Bacteroidales
370335,28127,Prevotella buccalis
370343,28127,Prevotella buccalis
372465,171549,Bacteroidales
374678,171549,Bacteroidales
374901,28137,Prevotella veroralis
375265,216851,Faecalibacterium
375828,815,Bacteroidaceae
375938,2913616,Prevotella sp. E13-17
376591,171549,Bacteroidales
376783,28127,Prevotella buccalis
377664,816,Bacteroides
379961,171549,Bacteroidales
380432,171549,Bacteroidales
380518,816,Bacteroides
381113,28116,Bacteroides ovatus
382039,171549,Bacteroidales
383166,88431,Dorea longicatena
383751,1177574,Prevotella jejuni
383777,816,Bacteroides
384043,816,Bacteroides
384088,815,Bacteroidaceae
384200,28116,Bacteroides ovatus
384574,2093856,Butyricimonas faecalis
384618,1907662,Raoultibacter timonensis
384743,28132,Prevotella melaninogenica
384911,2913621,Prevotella sp. E9-3
385928,329854,Bacteroides intestinalis
386329,28127,Prevotella buccalis
387528,47678,Bacteroides caccae
388236,88431,Dorea longicatena
389094,46503,Parabacteroides merdae
389096,816,Bacteroides
390612,2913616,Prevotella sp. E13-17
390803,171549,Bacteroidales
391562,28127,Prevotella buccalis
392661,821,Phocaeicola vulgatus
393415,838,Prevotella
394245,572511,Blautia
394878,815,Bacteroidaceae
395095,28137,Prevotella veroralis
395758,171549,Bacteroidales
397496,816,Bacteroides
398090,28137,Prevotella veroralis
398093,575614,Prevotella sp. oral taxon 299 str. F0039
398518,387090,Phocaeicola coprophilus
399009,28129,Prevotella denticola
399758,357276,Phocaeicola dorei
401003,171549,Bacteroidales
401668,171549,Bacteroidales
402752,171549,Bacteroidales
403531,46503,Parabacteroides merdae
404406,816,Bacteroides
404464,171549,Bacteroidales
406224,28116,Bacteroides ovatus
406671,171549,Bacteroidales
407828,838,Prevotella
408039,171549,Bacteroidales
409151,171549,Bacteroidales
412988,131567,cellular organisms
413449,815,Bacteroidaceae
413513,186803,Lachnospiraceae
413766,816,Bacteroides
415297,171549,Bacteroidales
415707,821,Phocaeicola vulgatus
416660,2835870,Leptodesmis sichuanensis PKUAC-SCTA121
417316,908937,Prevotella dentalis DSM 3688
417917,2764711,Nostoc sp. MS1
421707,171549,Bacteroidales
423948,2763022,Bacteroides sp. M10
424083,816,Bacteroides
425230,572511,Blautia
425620,171549,Bacteroidales
426624,816,Bacteroides
426711,47678,Bacteroides caccae
426723,816,Bacteroides
426740,838,Prevotella
428208,1005048,Collimonas fungivorans Ter331
428518,1795874,Burkholderia sp. PAMC 28687
429190,820,Bacteroides uniformis
431083,371601,Bacteroides xylanisolvens
431402,762982,Paraprevotella xylaniphila YIT 11841
431703,816,Bacteroides
432949,171549,Bacteroidales
433068,171549,Bacteroidales
434401,165179,Prevotella copri
439708,171549,Bacteroidales
439851,2913616,Prevotella sp. E13-17
440412,28127,Prevotella buccalis
440437,171549,Bacteroidales
442199,1177574,Prevotella jejuni
442778,537011,Prevotella copri DSM 18205
443149,815,Bacteroidaceae
444098,838,Prevotella
444786,816,Bacteroides
445055,171549,Bacteroidales
445650,171549,Bacteroidales
446505,820,Bacteroides uniformis
446951,816,Bacteroides
447251,679937,Bacteroides coprosuis DSM 18011
447884,171549,Bacteroidales
448208,28127,Prevotella buccalis
448209,171549,Bacteroidales
448338,1441386,Athalassotoga saccharophila
449023,2585118,Alistipes communis
449559,838,Prevotella
450459,171549,Bacteroidales
451187,165179,Prevotella copri
452408,1907662,Raoultibacter timonensis
453458,2714353,Vescimonas fastidiosa
455819,821,Phocaeicola vulgatus
456558,838,Prevotella
457181,816,Bacteroides
457396,28116,Bacteroides ovatus
458403,1177574,Prevotella jejuni
459500,171549,Bacteroidales
459875,171549,Bacteroidales
460158,171549,Bacteroidales
461157,820,Bacteroides uniformis
461241,762982,Paraprevotella xylaniphila YIT 11841
462355,816,Bacteroides
462953,28116,Bacteroides ovatus
464146,28127,Prevotella buccalis
464496,815,Bacteroidaceae
466709,171549,Bacteroidales
467355,816,Bacteroides
470948,2606626,Sodaliphilus pleomorphus
472800,171549,Bacteroidales
473485,171549,Bacteroidales
479120,171549,Bacteroidales
479444,572511,Blautia
481654,171549,Bacteroidales
482199,717959,Alistipes shahii WAL 8301
484288,815,Bacteroidaceae
484816,816,Bacteroides
486155,815,Bacteroidaceae
486847,838,Prevotella
489131,28127,Prevotella buccalis
489171,171549,Bacteroidales
489473,823,Parabacteroides distasonis
489743,820,Bacteroides uniformis
489971,2802975,Desulfuromonas versatilis
491062,371601,Bacteroides xylanisolvens
491352,816,Bacteroides
491863,171549,Bacteroidales
495043,821,Phocaeicola vulgatus
497062,816,Bacteroides
498000,171549,Bacteroidales
498319,2866626,Pseudomonas sp. 2hn
500990,821,Phocaeicola vulgatus
502079,816,Bacteroides
502297,28127,Prevotella buccalis
502337,816,Bacteroides
503182,28127,Prevotella buccalis
504386,28135,Prevotella oris
504421,839,Prevotella ruminicola
504934,28127,Prevotella buccalis
505027,294702,Proteiniphilum
505482,28127,Prevotella buccalis
506293,2638335,unclassified Prevotella
507118,816,Bacteroides
507630,821,Phocaeicola vulgatus
510383,815,Bacteroidaceae
510437,816,Bacteroides
511125,575614,Prevotella sp. oral taxon 299 str. F0039
511194,1660,Schaalia odontolytica
514474,909656,Phocaeicola
515764,821,Phocaeicola vulgatus
517136,292800,Flavonifractor plautii
517840,816,Bacteroides
518495,1851148,Limihaloglobus sulfuriphilus
519324,171549,Bacteroidales
520977,1301,Streptococcus
521976,816,Bacteroides
525879,2801997,Prevotella herbatica
527576,171549,Bacteroidales
529158,171549,Bacteroidales
529901,821,Phocaeicola vulgatus
529943,171549,Bacteroidales
531494,171549,Bacteroidales
532028,171549,Bacteroidales
534319,47678,Bacteroides caccae
535662,28127,Prevotella buccalis
537579,171549,Bacteroidales
537785,171549,Bacteroidales
538674,815,Bacteroidaceae
538844,816,Bacteroides
539320,171549,Bacteroidales
541628,820,Bacteroides uniformis
542102,816,Bacteroides
542372,88431,Dorea longicatena
542523,171549,Bacteroidales
542565,820,Bacteroides uniformis
542857,28116,Bacteroides ovatus
543347,47678,Bacteroides caccae
544252,171549,Bacteroidales
545986,171549,Bacteroidales
546236,762982,Paraprevotella xylaniphila YIT 11841
547346,838,Prevotella
548672,171549,Bacteroidales
550147,171549,Bacteroidales
550436,2606626,Sodaliphilus pleomorphus
552651,816,Bacteroides
552663,816,Bacteroides
553989,2691580,Prevotella sp. Rep29
554300,171549,Bacteroidales
554483,171549,Bacteroidales
556641,171549,Bacteroidales
558468,171549,Bacteroidales
558478,2479767,Blautia sp. SC05B48
558752,171549,Bacteroidales
560771,908937,Prevotella dentalis DSM 3688
562280,2364787,Alistipes megaguti
562543,816,Bacteroides
562852,28116,Bacteroides ovatus
564332,171549,Bacteroidales
565719,371601,Bacteroides xylanisolvens
570912,838,Prevotella
571598,28133,Prevotella nigrescens
572609,821,Phocaeicola vulgatus
573396,1177574,Prevotella jejuni
574038,291644,Bacteroides salyersiae
574283,838,Prevotella
574529,816,Bacteroides
574613,815,Bacteroidaceae
575094,909656,Phocaeicola
575843,171549,Bacteroidales
576039,171549,Bacteroidales
576235,28135,Prevotella oris
577336,815,Bacteroidaceae
578173,2093856,Butyricimonas faecalis
578682,665007,Streptomyces incarnatus
579443,820,Bacteroides uniformis
580453,816,Bacteroides
583194,171549,Bacteroidales
584765,387090,Phocaeicola coprophilus
585844,762982,Paraprevotella xylaniphila YIT 11841
588689,816,Bacteroides
588979,165179,Prevotella copri
589663,816,Bacteroides
589934,815,Bacteroidaceae
596336,28127,Prevotella buccalis
597172,816,Bacteroides
597321,2364787,Alistipes megaguti
597405,357276,Phocaeicola dorei
597578,537011,Prevotella copri DSM 18205
599078,909656,Phocaeicola
599324,838,Prevotella
599345,2714353,Vescimonas fastidiosa
599836,47678,Bacteroides caccae
600309,2763672,Simiaoa sunii
602762,171549,Bacteroidales
603345,815,Bacteroidaceae
604537,28137,Prevotella veroralis
605042,816,Bacteroides
605220,171549,Bacteroidales
605980,2913616,Prevotella sp. E13-17
608699,171549,Bacteroidales
609929,1491,Clostridium botulinum
610002,2714355,Vescimonas coprocola
610291,88431,Dorea longicatena
611891,816,Bacteroides
612964,28116,Bacteroides ovatus
614177,712471,Prevotella sp. oral taxon 475
614710,171549,Bacteroidales
615753,1642646,Petrimonas mucosa
617643,2646097,unclassified Bacteroides
620252,171549,Bacteroidales
620712,39950,Dialister pneumosintes
622624,165179,Prevotella copri
623715,572511,Blautia
624794,816,Bacteroides
624907,171549,Bacteroidales
625430,816,Bacteroides
626318,908937,Prevotella dentalis DSM 3688
628017,165179,Prevotella copri
631447,816,Bacteroides
631626,28137,Prevotella veroralis
631683,88431,Dorea longicatena
631695,818,Bacteroides thetaiotaomicron
631791,47678,Bacteroides caccae
632374,838,Prevotella
633202,171549,Bacteroidales
633210,820,Bacteroides uniformis
634492,815,Bacteroidaceae
634588,282402,Prevotella multiformis
634999,838,Prevotella
635334,717959,Alistipes shahii WAL 8301
636604,838,Prevotella
637809,821,Phocaeicola vulgatus
639623,838,Prevotella
641546,702745,Myroides phaeus
643496,357276,Phocaeicola dorei
644177,171549,Bacteroidales
644681,651822,Fretibacterium fastidiosum
648752,2691580,Prevotella sp. Rep29
648768,171549,Bacteroidales
648878,821,Phocaeicola vulgatus
652132,28131,Prevotella intermedia
653291,762982,Paraprevotella xylaniphila YIT 11841
653522,762982,Paraprevotella xylaniphila YIT 11841
653691,815,Bacteroidaceae
654029,838,Prevotella
655446,1018,Capnocytophaga ochracea
656154,816,Bacteroides
659205,818,Bacteroides thetaiotaomicron
659240,839,Prevotella ruminicola
660820,821,Phocaeicola vulgatus
663219,2079536,Actinomyces sp. Z16
663451,88431,Dorea longicatena
664267,816,Bacteroides
665864,171549,Bacteroidales
667980,171549,Bacteroidales
668248,171549,Bacteroidales
670304,171549,Bacteroidales
670694,816,Bacteroides
671795,823,Parabacteroides distasonis
672765,717959,Alistipes shahii WAL 8301
677561,909656,Phocaeicola
677597,171549,Bacteroidales
678028,171549,Bacteroidales
679652,821,Phocaeicola vulgatus
679664,171549,Bacteroidales
681853,171549,Bacteroidales
684482,77095,Prevotella bryantii
686672,575614,Prevotella sp. oral taxon 299 str. F0039
687269,171549,Bacteroidales
688590,171549,Bacteroidales
690036,820,Bacteroides uniformis
690173,816,Bacteroides
692037,823,Parabacteroides distasonis
693464,821,Phocaeicola vulgatus
696368,909656,Phocaeicola
696533,816,Bacteroides
698114,171549,Bacteroidales
698838,908937,Prevotella dentalis DSM 3688
700566,171549,Bacteroidales
701474,575614,Prevotella sp. oral taxon 299 str. F0039
703168,171549,Bacteroidales
705993,816,Bacteroides
707370,997873,Bacteroides caccae CL03T12C61
709507,171549,Bacteroidales
711460,1716,Corynebacterium
713955,171549,Bacteroidales
714547,816,Bacteroides
715539,171549,Bacteroidales
716792,821,Phocaeicola vulgatus
717702,815,Bacteroidaceae
720761,28116,Bacteroides ovatus
722773,712710,Tannerella serpentiformis
724860,171549,Bacteroidales
725348,171549,Bacteroidales
728877,821,Phocaeicola vulgatus
728909,821,Phocaeicola vulgatus
731366,816,Bacteroides
733780,171549,Bacteroidales
735982,818,Bacteroides thetaiotaomicron
739061,239759,Alistipes
739088,838,Prevotella
739312,820,Bacteroides uniformis
739469,171549,Bacteroidales
739682,171549,Bacteroidales
740685,816,Bacteroides
741073,679935,Alistipes finegoldii DSM 17242
745635,815,Bacteroidaceae
746361,2364787,Alistipes megaguti
758326,171549,Bacteroidales
760495,821,Phocaeicola vulgatus
763914,821,Phocaeicola vulgatus
765054,171549,Bacteroidales
768774,838,Prevotella
770905,406548,Aquisphaera giovannonii
775706,47678,Bacteroides caccae
777718,171549,Bacteroidales
780468,171549,Bacteroidales
781939,816,Bacteroides
785663,1650,Kurthia zopfii
788305,357276,Phocaeicola dorei
796661,821,Phocaeicola vulgatus
799090,821,Phocaeicola vulgatus
802418,28131,Prevotella intermedia
806827,821,Phocaeicola vulgatus
822451,171549,Bacteroidales
825534,1117,Cyanobacteria
826727,357276,Phocaeicola dorei
833140,815,Bacteroidaceae
839240,815,Bacteroidaceae
839738,171549,Bacteroidales
853731,171549,Bacteroidales
856202,171549,Bacteroidales
856313,2479767,Blautia sp. SC05B48
866636,838,Prevotella
878801,821,Phocaeicola vulgatus
NA,0,unclassified
