Node name,taxid,Taxa
149,853,Faecalibacterium prausnitzii
448,216572,Oscillospiraceae
456,216851,Faecalibacterium
796,216851,Faecalibacterium
960,853,Faecalibacterium prausnitzii
2053,1871021,Lachnoclostridium phocaeense
2515,853,Faecalibacterium prausnitzii
2760,2646395,unclassified Faecalibacterium
2832,718252,Faecalibacterium prausnitzii L2-6
2927,216851,Faecalibacterium
2950,84030,Lacrimispora saccharolytica
3080,216851,Faecalibacterium
3207,2646395,unclassified Faecalibacterium
3590,131111,Schaalia turicensis
3725,853,Faecalibacterium prausnitzii
3751,216851,Faecalibacterium
3922,2929494,Faecalibacterium sp. I4179
4075,216851,Faecalibacterium
4281,131111,Schaalia turicensis
4478,292800,Flavonifractor plautii
4490,853,Faecalibacterium prausnitzii
4540,2714358,Pusillibacter faecalis
4717,131111,Schaalia turicensis
4945,642492,Cellulosilyticum lentocellum DSM 5427
4978,2714358,Pusillibacter faecalis
5217,131111,Schaalia turicensis
5225,216572,Oscillospiraceae
5285,84030,Lacrimispora saccharolytica
5405,1605,Ligilactobacillus animalis
5473,2041044,Eubacterium maltosivorans
5571,853,Faecalibacterium prausnitzii
5633,216851,Faecalibacterium
5661,1686,Bifidobacterium catenulatum
5663,216851,Faecalibacterium
5688,2929490,Faecalibacterium sp. I2392
5760,131111,Schaalia turicensis
6004,216851,Faecalibacterium
6202,216851,Faecalibacterium
6203,301301,Roseburia hominis
6220,216851,Faecalibacterium
6410,216572,Oscillospiraceae
6517,216572,Oscillospiraceae
6641,2929490,Faecalibacterium sp. I2392
6878,216572,Oscillospiraceae
6981,536231,Roseburia intestinalis L1-82
7012,131111,Schaalia turicensis
7379,1496,Clostridioides difficile
7381,292800,Flavonifractor plautii
7558,216851,Faecalibacterium
7590,853,Faecalibacterium prausnitzii
7733,2929495,Faecalibacterium sp. I4384
7792,1852373,Murdochiella vaginalis
7911,82135,Fannyhessea vaginae
7925,84030,Lacrimispora saccharolytica
7990,536231,Roseburia intestinalis L1-82
8593,657313,[Ruminococcus] torques L2-14
8697,216851,Faecalibacterium
8883,292800,Flavonifractor plautii
8931,216851,Faecalibacterium
8939,216851,Faecalibacterium
9048,853,Faecalibacterium prausnitzii
9317,216851,Faecalibacterium
9534,84030,Lacrimispora saccharolytica
9596,216572,Oscillospiraceae
9867,536231,Roseburia intestinalis L1-82
10176,216851,Faecalibacterium
10491,84030,Lacrimispora saccharolytica
10700,853,Faecalibacterium prausnitzii
10712,131111,Schaalia turicensis
11103,216851,Faecalibacterium
11144,853,Faecalibacterium prausnitzii
11380,131111,Schaalia turicensis
11447,301301,Roseburia hominis
12122,718252,Faecalibacterium prausnitzii L2-6
12490,1522,[Clostridium] innocuum
12540,216851,Faecalibacterium
12566,216851,Faecalibacterium
12916,1496,Clostridioides difficile
13011,216572,Oscillospiraceae
13151,2714358,Pusillibacter faecalis
13193,1496,Clostridioides difficile
13475,84030,Lacrimispora saccharolytica
13701,216851,Faecalibacterium
13705,292800,Flavonifractor plautii
14175,853,Faecalibacterium prausnitzii
14418,536231,Roseburia intestinalis L1-82
14630,131111,Schaalia turicensis
14683,1326,Streptococcus acidominimus
14690,2929490,Faecalibacterium sp. I2392
14779,216851,Faecalibacterium
14835,2929495,Faecalibacterium sp. I4384
14843,292800,Flavonifractor plautii
14902,1604,Lactobacillus amylovorus
15161,216572,Oscillospiraceae
15707,216572,Oscillospiraceae
15791,2763056,Oscillibacter sp. NSJ-62
15811,216851,Faecalibacterium
16200,186803,Lachnospiraceae
16797,2714358,Pusillibacter faecalis
16887,131111,Schaalia turicensis
16991,216572,Oscillospiraceae
17145,2714358,Pusillibacter faecalis
17262,1686,Bifidobacterium catenulatum
17344,84030,Lacrimispora saccharolytica
17434,131111,Schaalia turicensis
17460,1496,Clostridioides difficile
17826,2041044,Eubacterium maltosivorans
18050,131111,Schaalia turicensis
18105,216851,Faecalibacterium
18186,2086584,Massilistercora timonensis
18594,1496,Clostridioides difficile
18761,216851,Faecalibacterium
18773,216851,Faecalibacterium
18858,131111,Schaalia turicensis
19334,131111,Schaalia turicensis
19347,301301,Roseburia hominis
19359,2763056,Oscillibacter sp. NSJ-62
19372,131111,Schaalia turicensis
19486,216851,Faecalibacterium
19560,869209,Treponema succinifaciens DSM 2489
19724,853,Faecalibacterium prausnitzii
19861,2929494,Faecalibacterium sp. I4179
19952,853,Faecalibacterium prausnitzii
20194,853,Faecalibacterium prausnitzii
20506,216851,Faecalibacterium
20595,853,Faecalibacterium prausnitzii
20935,216851,Faecalibacterium
21059,216572,Oscillospiraceae
21338,216572,Oscillospiraceae
21602,216572,Oscillospiraceae
22039,131111,Schaalia turicensis
22042,216851,Faecalibacterium
22057,2929490,Faecalibacterium sp. I2392
22238,1871021,Lachnoclostridium phocaeense
22351,216851,Faecalibacterium
22432,216851,Faecalibacterium
22697,1531429,Berryella intestinalis
23148,216572,Oscillospiraceae
23311,2497860,Cellulosilyticum sp. WCF-2
23327,216851,Faecalibacterium
23374,536231,Roseburia intestinalis L1-82
23506,216851,Faecalibacterium
23795,216572,Oscillospiraceae
23810,84030,Lacrimispora saccharolytica
24220,216851,Faecalibacterium
24482,216851,Faecalibacterium
24611,84030,Lacrimispora saccharolytica
24856,2086585,Christensenella sp. Marseille-P3954
25097,722911,Bifidobacterium longum subsp. longum F8
25778,292800,Flavonifractor plautii
25998,1522,[Clostridium] innocuum
26200,853,Faecalibacterium prausnitzii
26379,216572,Oscillospiraceae
26556,194,Campylobacter
26569,2763056,Oscillibacter sp. NSJ-62
26619,84030,Lacrimispora saccharolytica
26950,2714358,Pusillibacter faecalis
26993,194,Campylobacter
27091,216851,Faecalibacterium
27316,216851,Faecalibacterium
27615,131111,Schaalia turicensis
27617,2144175,Megasphaera stantonii
27880,2714358,Pusillibacter faecalis
28021,216572,Oscillospiraceae
28207,216572,Oscillospiraceae
28446,2763056,Oscillibacter sp. NSJ-62
28458,2714358,Pusillibacter faecalis
28683,1326,Streptococcus acidominimus
28845,2763056,Oscillibacter sp. NSJ-62
28926,131111,Schaalia turicensis
29620,2763056,Oscillibacter sp. NSJ-62
29679,216851,Faecalibacterium
29773,216851,Faecalibacterium
30244,194,Campylobacter
31765,216851,Faecalibacterium
31823,2714353,Vescimonas fastidiosa
32236,853,Faecalibacterium prausnitzii
32295,1522,[Clostridium] innocuum
32423,853,Faecalibacterium prausnitzii
32915,292800,Flavonifractor plautii
33254,2929490,Faecalibacterium sp. I2392
33696,2714358,Pusillibacter faecalis
33754,1335613,Gordonibacter urolithinfaciens
34133,853,Faecalibacterium prausnitzii
34253,853,Faecalibacterium prausnitzii
34382,1661,Trueperella pyogenes
34594,82135,Fannyhessea vaginae
35541,2714358,Pusillibacter faecalis
35609,33959,Lactobacillus johnsonii
35977,1496,Clostridioides difficile
36380,194,Campylobacter
39277,718252,Faecalibacterium prausnitzii L2-6
39463,1796620,Acutalibacter muris
39513,131111,Schaalia turicensis
39832,89153,[Clostridium] hylemonae
40676,216851,Faecalibacterium
40826,194,Campylobacter
40920,2929494,Faecalibacterium sp. I4179
41053,216851,Faecalibacterium
41267,216851,Faecalibacterium
41502,853,Faecalibacterium prausnitzii
41785,131111,Schaalia turicensis
42699,2646395,unclassified Faecalibacterium
42770,216851,Faecalibacterium
43574,2763056,Oscillibacter sp. NSJ-62
43924,84030,Lacrimispora saccharolytica
44032,2093857,Dysosmobacter welbionis
44826,82135,Fannyhessea vaginae
44903,216851,Faecalibacterium
44981,2763056,Oscillibacter sp. NSJ-62
45880,131111,Schaalia turicensis
45959,84030,Lacrimispora saccharolytica
46862,216572,Oscillospiraceae
47329,2929495,Faecalibacterium sp. I4384
47397,657313,[Ruminococcus] torques L2-14
47493,84030,Lacrimispora saccharolytica
50188,197,Campylobacter jejuni
51413,216851,Faecalibacterium
51862,82135,Fannyhessea vaginae
53010,194,Campylobacter
53931,722911,Bifidobacterium longum subsp. longum F8
53948,216851,Faecalibacterium
54217,216572,Oscillospiraceae
NA,0,unclassified
