Node name,taxid,Taxa
238,39485,Lachnospira eligens
401,2929494,Faecalibacterium sp. I4179
950,216851,Faecalibacterium
991,2763056,Oscillibacter sp. NSJ-62
1071,718255,Roseburia intestinalis XB6B4
1327,626940,Phascolarctobacterium succinatutens
1639,411486,Clostridium sp. M62/1
1645,186802,Eubacteriales
1812,853,Faecalibacterium prausnitzii
1934,186802,Eubacteriales
1936,2714355,Vescimonas coprocola
1937,216851,Faecalibacterium
2700,853,Faecalibacterium prausnitzii
2800,186802,Eubacteriales
2942,2763056,Oscillibacter sp. NSJ-62
3058,853,Faecalibacterium prausnitzii
3122,186802,Eubacteriales
3359,186802,Eubacteriales
3403,853,Faecalibacterium prausnitzii
3430,1496,Clostridioides difficile
3814,186802,Eubacteriales
3917,1678,Bifidobacterium
3962,186802,Eubacteriales
4128,186803,Lachnospiraceae
4295,39485,Lachnospira eligens
4320,216851,Faecalibacterium
4375,166486,Roseburia intestinalis
4471,2093857,Dysosmobacter welbionis
4584,853,Faecalibacterium prausnitzii
5208,216851,Faecalibacterium
5458,39485,Lachnospira eligens
5604,853,Faecalibacterium prausnitzii
5626,186803,Lachnospiraceae
5749,186803,Lachnospiraceae
6182,2763056,Oscillibacter sp. NSJ-62
6237,216851,Faecalibacterium
6360,853,Faecalibacterium prausnitzii
6465,216851,Faecalibacterium
6748,853,Faecalibacterium prausnitzii
6848,1605,Ligilactobacillus animalis
7090,2929488,Faecalibacterium sp. IP118
7118,216851,Faecalibacterium
7266,216851,Faecalibacterium
7598,216851,Faecalibacterium
7688,853,Faecalibacterium prausnitzii
7918,626940,Phascolarctobacterium succinatutens
7945,2714353,Vescimonas fastidiosa
8439,2929489,Faecalibacterium sp. IP329
8441,216851,Faecalibacterium
8507,853,Faecalibacterium prausnitzii
9105,2093857,Dysosmobacter welbionis
9413,216851,Faecalibacterium
9415,853,Faecalibacterium prausnitzii
9476,186802,Eubacteriales
9730,2714355,Vescimonas coprocola
9965,186802,Eubacteriales
10291,186802,Eubacteriales
10297,2763667,Wansuia hejianensis
10348,216851,Faecalibacterium
10795,186802,Eubacteriales
11002,186802,Eubacteriales
11156,718252,Faecalibacterium prausnitzii L2-6
11442,657322,Faecalibacterium prausnitzii SL3/3
11828,2646395,unclassified Faecalibacterium
12156,1496,Clostridioides difficile
12253,657322,Faecalibacterium prausnitzii SL3/3
12404,853,Faecalibacterium prausnitzii
12608,166486,Roseburia intestinalis
12627,2093857,Dysosmobacter welbionis
12687,216851,Faecalibacterium
12698,216851,Faecalibacterium
12876,216851,Faecalibacterium
13036,2763056,Oscillibacter sp. NSJ-62
13347,216851,Faecalibacterium
13359,216851,Faecalibacterium
13451,2646395,unclassified Faecalibacterium
13487,216851,Faecalibacterium
13489,2646395,unclassified Faecalibacterium
13695,216851,Faecalibacterium
14134,216851,Faecalibacterium
14502,186802,Eubacteriales
14533,853,Faecalibacterium prausnitzii
14583,626940,Phascolarctobacterium succinatutens
14746,718252,Faecalibacterium prausnitzii L2-6
14834,2093857,Dysosmobacter welbionis
14893,186802,Eubacteriales
14937,853,Faecalibacterium prausnitzii
14954,411474,Coprococcus eutactus ATCC 27759
15233,1661,Trueperella pyogenes
15278,657313,[Ruminococcus] torques L2-14
15680,186803,Lachnospiraceae
16025,186802,Eubacteriales
16229,186803,Lachnospiraceae
16624,853,Faecalibacterium prausnitzii
16927,1796635,Longicatena caecimuris
17419,853,Faecalibacterium prausnitzii
17811,216851,Faecalibacterium
18134,2144175,Megasphaera stantonii
18152,2093857,Dysosmobacter welbionis
18268,1550024,Ruthenibacterium lactatiformans
18571,186802,Eubacteriales
18637,166486,Roseburia intestinalis
18646,186802,Eubacteriales
18960,216851,Faecalibacterium
19087,718255,Roseburia intestinalis XB6B4
19304,186802,Eubacteriales
20019,718252,Faecalibacterium prausnitzii L2-6
20025,216851,Faecalibacterium
20129,718252,Faecalibacterium prausnitzii L2-6
20325,853,Faecalibacterium prausnitzii
20358,2929495,Faecalibacterium sp. I4384
20436,216572,Oscillospiraceae
20480,186802,Eubacteriales
20858,186802,Eubacteriales
20891,718252,Faecalibacterium prausnitzii L2-6
20954,718252,Faecalibacterium prausnitzii L2-6
21103,216572,Oscillospiraceae
21284,718252,Faecalibacterium prausnitzii L2-6
21328,216851,Faecalibacterium
21340,1871034,Vaginimicrobium propionicum
21608,2763672,Simiaoa sunii
22196,216851,Faecalibacterium
22248,626940,Phascolarctobacterium succinatutens
22808,216851,Faecalibacterium
22918,718255,Roseburia intestinalis XB6B4
23772,853,Faecalibacterium prausnitzii
24466,186802,Eubacteriales
24511,853,Faecalibacterium prausnitzii
24852,626940,Phascolarctobacterium succinatutens
24940,186802,Eubacteriales
25454,216851,Faecalibacterium
25989,853,Faecalibacterium prausnitzii
26100,216851,Faecalibacterium
26346,216851,Faecalibacterium
26358,2093857,Dysosmobacter welbionis
26571,186802,Eubacteriales
27659,186802,Eubacteriales
28058,186802,Eubacteriales
28425,722911,Bifidobacterium longum subsp. longum F8
28465,186802,Eubacteriales
28473,186802,Eubacteriales
29396,718252,Faecalibacterium prausnitzii L2-6
31301,1496,Clostridioides difficile
32322,853,Faecalibacterium prausnitzii
NA,0,unclassified
