Node name,taxid,Taxa
259,165179,Prevotella copri
292,375288,Parabacteroides
339,816,Bacteroides
420,821,Phocaeicola vulgatus
644,821,Phocaeicola vulgatus
1409,28129,Prevotella denticola
1881,821,Phocaeicola vulgatus
1885,821,Phocaeicola vulgatus
2148,909656,Phocaeicola
2226,821,Phocaeicola vulgatus
2471,909656,Phocaeicola
2662,679937,Bacteroides coprosuis DSM 18011
3398,165179,Prevotella copri
3831,2785531,Bacteroides sp. HF-162
4332,2,Bacteria
4790,838,Prevotella
4823,817,Bacteroides fragilis
5309,165179,Prevotella copri
5609,816,Bacteroides
5872,165179,Prevotella copri
6180,165179,Prevotella copri
7574,357276,Phocaeicola dorei
7612,165179,Prevotella copri
7681,165179,Prevotella copri
8161,165179,Prevotella copri
8298,165179,Prevotella copri
8561,821,Phocaeicola vulgatus
8957,815,Bacteroidaceae
8965,815,Bacteroidaceae
9482,821,Phocaeicola vulgatus
10597,165179,Prevotella copri
10743,909656,Phocaeicola
10842,821,Phocaeicola vulgatus
11362,165179,Prevotella copri
12001,838,Prevotella
12236,537011,Prevotella copri DSM 18205
13370,165179,Prevotella copri
13843,821,Phocaeicola vulgatus
13863,2,Bacteria
14922,818,Bacteroides thetaiotaomicron
14999,28127,Prevotella buccalis
15136,165179,Prevotella copri
16073,375288,Parabacteroides
16194,815,Bacteroidaceae
16696,817,Bacteroides fragilis
16871,165179,Prevotella copri
17086,537011,Prevotella copri DSM 18205
17724,821,Phocaeicola vulgatus
18642,816,Bacteroides
19097,28127,Prevotella buccalis
20478,909656,Phocaeicola
21404,821,Phocaeicola vulgatus
22595,165179,Prevotella copri
23437,821,Phocaeicola vulgatus
NA,0,unclassified
