Node name,taxid,Taxa
221,171549,Bacteroidales
368,171549,Bacteroidales
653,171549,Bacteroidales
745,171549,Bacteroidales
764,976,Bacteroidetes
795,171549,Bacteroidales
831,976,Bacteroidetes
856,171549,Bacteroidales
1012,171549,Bacteroidales
1300,171549,Bacteroidales
1530,171549,Bacteroidales
1715,657309,Bacteroides xylanisolvens XB1A
1954,171549,Bacteroidales
2067,28116,Bacteroides ovatus
2649,171549,Bacteroidales
2974,171549,Bacteroidales
3453,976,Bacteroidetes
3462,171549,Bacteroidales
3508,171549,Bacteroidales
4360,171549,Bacteroidales
4370,976,Bacteroidetes
4404,976,Bacteroidetes
4506,976,Bacteroidetes
4520,171549,Bacteroidales
4543,838,Prevotella
4572,171549,Bacteroidales
4590,171549,Bacteroidales
4926,171549,Bacteroidales
5349,171549,Bacteroidales
5583,171549,Bacteroidales
6180,171549,Bacteroidales
6273,171549,Bacteroidales
6643,171549,Bacteroidales
7502,976,Bacteroidetes
NA,0,unclassified
